/*
Navicat Oracle Data Transfer
Oracle Client Version : 12.2.0.1.0

Source Server         : atp
Source Server Version : 100200
Source Host           : 10.78.103.11:1521
Source Schema         : ATP

Target Server Type    : ORACLE
Target Server Version : 100200
File Encoding         : 65001

Date: 2019-05-13 15:46:30
*/


-- ----------------------------
-- Table structure for DIC
-- ----------------------------
DROP TABLE "ATP"."DIC";
CREATE TABLE "ATP"."DIC" (
"DIC_ID" VARCHAR2(100 BYTE) NOT NULL ,
"DIC_NAME" VARCHAR2(100 BYTE) NOT NULL ,
"DIC_VALUE" VARCHAR2(100 BYTE) NOT NULL ,
"DIC_TYPE" VARCHAR2(100 BYTE) NOT NULL ,
"DIC_CREATETIME" VARCHAR2(100 BYTE) NULL ,
"DIC_CREATEUSER" VARCHAR2(100 BYTE) NULL ,
"DIC_LASTMODIFYTIME" VARCHAR2(100 BYTE) NULL ,
"DIC_LASTMODIFYUSER" VARCHAR2(100 BYTE) NULL ,
"DIC_ORDER" NUMBER NULL ,
"DIC_STATUS" NUMBER DEFAULT 0  NULL 
)
NOLOGGING
NOCOMPRESS
NOCACHE

;
COMMENT ON TABLE "ATP"."DIC" IS '字典';
COMMENT ON COLUMN "ATP"."DIC"."DIC_ID" IS '主键';
COMMENT ON COLUMN "ATP"."DIC"."DIC_NAME" IS '字典项名称';
COMMENT ON COLUMN "ATP"."DIC"."DIC_VALUE" IS '字典项值';
COMMENT ON COLUMN "ATP"."DIC"."DIC_TYPE" IS '字典类型';
COMMENT ON COLUMN "ATP"."DIC"."DIC_ORDER" IS '顺序号';
COMMENT ON COLUMN "ATP"."DIC"."DIC_STATUS" IS '状态1删除0正常';

-- ----------------------------
-- Records of DIC
-- ----------------------------
INSERT INTO "ATP"."DIC" VALUES ('T1919FA6BA94347D1B7C344EC', '非密', '1', 'TCB1DD445181B4A8CB65BD2EF', '1557724849', 'T353F1019CC1842C6AB382B8E', null, null, '3', '0');
INSERT INTO "ATP"."DIC" VALUES ('T1004B4FC0BFB4AC483E69505', '科研生产部年度重点工作', '科研生产部年度重点工作', 'TCA196ED5955E4930A23D8696', '1557477161', 'TE9265E7112F94A9A9898FD10', null, null, '1', '0');
INSERT INTO "ATP"."DIC" VALUES ('T92FC5BBC020F462587F4812B', '宇航能力（攀登计划）重点项目', '宇航能力（攀登计划）重点项目', 'TCA196ED5955E4930A23D8696', '1557477177', 'TE9265E7112F94A9A9898FD10', null, null, '2', '0');
INSERT INTO "ATP"."DIC" VALUES ('T245D00E0C7EA4BCCB25AA266', '秘密', '2', 'TCB1DD445181B4A8CB65BD2EF', '1551232821', '4', '1557724839', 'T353F1019CC1842C6AB382B8E', '2', '0');
INSERT INTO "ATP"."DIC" VALUES ('TBAA587258618463099320041', '机密', '3', 'TCB1DD445181B4A8CB65BD2EF', '1551232828', '4', '1557724831', 'T353F1019CC1842C6AB382B8E', '1', '0');
INSERT INTO "ATP"."DIC" VALUES ('TAA68EDCDDEF6430B96E985E4', '是', '是', 'T9DBDDDB6754E46D9B3E9BCB2', '1551232840', '4', null, null, '1', '0');
INSERT INTO "ATP"."DIC" VALUES ('T23656D0368C24239B1C1B6D5', '否', '否', 'T9DBDDDB6754E46D9B3E9BCB2', '1551232846', '4', null, null, '2', '0');
INSERT INTO "ATP"."DIC" VALUES ('T7B973AC69464464087D13059', '院级', '院级', 'T3EC4D21FC9424DC99482F81C', '1551232855', '4', null, null, '1', '0');
INSERT INTO "ATP"."DIC" VALUES ('TC1E744CB254448DE8206A62A', '上级管理活动', '上级管理活动', 'T1B91BFDA5A6A483C8D9FEAA7', '1551232887', '4', '1552611640', 'TE9265E7112F94A9A9898FD10', '1', '0');
INSERT INTO "ATP"."DIC" VALUES ('T662F3EF0CE9E4DC2BD4E6A1B', '常规管理活动', '常规管理活动', 'T1B91BFDA5A6A483C8D9FEAA7', '1551232894', '4', '1552530167', 'TE9265E7112F94A9A9898FD10', '2', '0');
INSERT INTO "ATP"."DIC" VALUES ('T30E31767E7714BE592BC4606', '实物', '实物', 'T50A759068CCD4B389D0846AB', '1551232936', '4', null, null, '1', '0');
INSERT INTO "ATP"."DIC" VALUES ('T6F0F9A37A2E54077A180F823', '纪要', '纪要', 'T50A759068CCD4B389D0846AB', '1551232944', '4', null, null, '2', '0');
INSERT INTO "ATP"."DIC" VALUES ('T12CBD3ABC7814F10A8A19E41', '核心', '4', 'T7A0271B9B7E34206A07F6D33', '1548660353', '4', '1557724765', 'T353F1019CC1842C6AB382B8E', '1', '0');
INSERT INTO "ATP"."DIC" VALUES ('T2D0DBF82C1F540749A331032', '重要', '3', 'T7A0271B9B7E34206A07F6D33', '1548660359', '4', '1557724777', 'T353F1019CC1842C6AB382B8E', '2', '0');
INSERT INTO "ATP"."DIC" VALUES ('T6AB11084546A4B398D961580', '一般', '2', 'T7A0271B9B7E34206A07F6D33', '1548660385', '4', '1557724791', 'T353F1019CC1842C6AB382B8E', '3', '0');
INSERT INTO "ATP"."DIC" VALUES ('T0742621B02FC485C9C5D68D9', '综合管理', '综合管理', 'T457238AC45AC4288BA8D1914', '1552529992', 'TE9265E7112F94A9A9898FD10', null, null, '1', '0');
INSERT INTO "ATP"."DIC" VALUES ('TBC5721A420A0473B98E70E3F', '任务管理', '任务管理', 'T457238AC45AC4288BA8D1914', '1552529999', 'TE9265E7112F94A9A9898FD10', null, null, '2', '0');
INSERT INTO "ATP"."DIC" VALUES ('T0ED3FB27AA314CC5B43D5EAB', '能力建设', '能力建设', 'T457238AC45AC4288BA8D1914', '1552530007', 'TE9265E7112F94A9A9898FD10', null, null, '3', '0');
INSERT INTO "ATP"."DIC" VALUES ('T98385771791A4E3ABFE38ECC', '部门建设', '部门建设', 'T457238AC45AC4288BA8D1914', '1552530015', 'TE9265E7112F94A9A9898FD10', null, null, '4', '0');
INSERT INTO "ATP"."DIC" VALUES ('TA183FE1277884672A5479382', '单位责任令', '单位责任令', 'TD86E253304404946B7E20257', '1552530034', 'TE9265E7112F94A9A9898FD10', null, null, '1', '0');
INSERT INTO "ATP"."DIC" VALUES ('TE1ADB0DEE1ED4E7DABD75C4A', '型号责任令', '型号责任令', 'TD86E253304404946B7E20257', '1552530040', 'TE9265E7112F94A9A9898FD10', null, null, '2', '0');
INSERT INTO "ATP"."DIC" VALUES ('T6BF8E7C278E74C12930D1521', '院级调查研究成果', '院级调查研究成果', 'T37DA4C4B918845C1AE4BCA22', '1552530058', 'TE9265E7112F94A9A9898FD10', null, null, '1', '0');
INSERT INTO "ATP"."DIC" VALUES ('TAFE37DB197184FA9B1D6CFD1', '各单位科研生产管理最佳实践', '各单位科研生产管理最佳实践', 'T37DA4C4B918845C1AE4BCA22', '1552530070', 'TE9265E7112F94A9A9898FD10', null, null, '2', '0');
INSERT INTO "ATP"."DIC" VALUES ('T9ADE5B36BA8F4EB19D04AE0B', '临时管理活动', '临时管理活动', 'T1B91BFDA5A6A483C8D9FEAA7', '1552530156', 'TE9265E7112F94A9A9898FD10', null, null, '4', '0');
INSERT INTO "ATP"."DIC" VALUES ('TA2EE897B13034F09A7D83AE9', '2019', '2019', 'TD0EA1D95F65142189EEE0435', '1548917671', '4', null, null, '1', '0');
INSERT INTO "ATP"."DIC" VALUES ('TD06BC3E17A614F5BB884709C', '2018', '2018', 'TD0EA1D95F65142189EEE0435', '1548917676', '4', null, null, '2', '0');
INSERT INTO "ATP"."DIC" VALUES ('T237234394CDD4AD788CA25A8', '2020', '2020', 'TD0EA1D95F65142189EEE0435', '1548917687', '4', null, null, '0', '0');
INSERT INTO "ATP"."DIC" VALUES ('T321A6D4DCE094FA6BB9F9E56', '提出单位1', '提出单位1', 'T36FFE61FB37F4F1999B8C0A5', '1548931889', 'T08C80702C4D445739D11FC3E', null, null, '1', '0');
INSERT INTO "ATP"."DIC" VALUES ('TAF1AF1D82FEC47DA85393F6C', '提出单位2', '提出单位2', 'T36FFE61FB37F4F1999B8C0A5', '1548931899', 'T08C80702C4D445739D11FC3E', null, null, '2', '0');
INSERT INTO "ATP"."DIC" VALUES ('T34AAB666EC68443BA78A25F1', '已完成', '已完成', 'T1B77C471D6EC4370A813CE99', '1551421220', '4', '1551421239', '4', '2', '0');
INSERT INTO "ATP"."DIC" VALUES ('T5DDCC2F5019444909BF7283A', '进行中', '进行中', 'T1B77C471D6EC4370A813CE99', '1551421228', '4', '1551421236', '4', '1', '0');
INSERT INTO "ATP"."DIC" VALUES ('T9F9C2674C0204CA89153BAEF', '01', '01', 'T1911FBD325CC4C37BBD72076', '1554861272', 'TE9265E7112F94A9A9898FD10', null, null, '1', '0');
INSERT INTO "ATP"."DIC" VALUES ('T5A25E07D3895406EAA810F57', '02', '02', 'T1911FBD325CC4C37BBD72076', '1554861292', 'TE9265E7112F94A9A9898FD10', null, null, '2', '0');
INSERT INTO "ATP"."DIC" VALUES ('TDE942D277841492794C8AAA6', '03', '03', 'T1911FBD325CC4C37BBD72076', '1554861301', 'TE9265E7112F94A9A9898FD10', null, null, '3', '0');
INSERT INTO "ATP"."DIC" VALUES ('T307EA67217DC481E86151DE0', '04', '04', 'T1911FBD325CC4C37BBD72076', '1554861310', 'TE9265E7112F94A9A9898FD10', null, null, '4', '0');
INSERT INTO "ATP"."DIC" VALUES ('TA84EAB5CBD1D453AB89144C3', '05', '05', 'T1911FBD325CC4C37BBD72076', '1554861318', 'TE9265E7112F94A9A9898FD10', null, null, '5', '0');
INSERT INTO "ATP"."DIC" VALUES ('T5C1FE5AADDAA4622B42E3F8A', '06', '06', 'T1911FBD325CC4C37BBD72076', '1554861325', 'TE9265E7112F94A9A9898FD10', null, null, '6', '0');
INSERT INTO "ATP"."DIC" VALUES ('TA347E696166F4CC1B1D48F06', '07', '07', 'T1911FBD325CC4C37BBD72076', '1554861332', 'TE9265E7112F94A9A9898FD10', null, null, '7', '0');
INSERT INTO "ATP"."DIC" VALUES ('T8845D8F8E92D483CBA963449', '08', '08', 'T1911FBD325CC4C37BBD72076', '1554861339', 'TE9265E7112F94A9A9898FD10', null, null, '8', '0');
INSERT INTO "ATP"."DIC" VALUES ('T6F5B1B91153E49C7A4E35455', '09', '09', 'T1911FBD325CC4C37BBD72076', '1554861345', 'TE9265E7112F94A9A9898FD10', null, null, '9', '0');
INSERT INTO "ATP"."DIC" VALUES ('TE9471164F5B44532A4B196C4', '10', '10', 'T1911FBD325CC4C37BBD72076', '1554861352', 'TE9265E7112F94A9A9898FD10', null, null, '10', '0');
INSERT INTO "ATP"."DIC" VALUES ('T0A247587BA0D431C9E876FBE', '11', '11', 'T1911FBD325CC4C37BBD72076', '1554861358', 'TE9265E7112F94A9A9898FD10', null, null, '11', '0');
INSERT INTO "ATP"."DIC" VALUES ('T193BB0F28AEC4DF19152C4EF', '12', '12', 'T1911FBD325CC4C37BBD72076', '1554861366', 'TE9265E7112F94A9A9898FD10', null, null, '12', '0');
INSERT INTO "ATP"."DIC" VALUES ('T8202C10584994094AFA5CF73', '已完成', '已完成', 'TE0B8C6202CE740FE900B1D5D', '1556242980', 'TE9265E7112F94A9A9898FD10', null, null, '1', '0');
INSERT INTO "ATP"."DIC" VALUES ('TF1699481187145A49216F4A7', '未完成', '未完成', 'TE0B8C6202CE740FE900B1D5D', '1556242987', 'TE9265E7112F94A9A9898FD10', null, null, '2', '0');
INSERT INTO "ATP"."DIC" VALUES ('T8AA323BB18E4417CBF68E0A5', '调整', '调整', 'TE0B8C6202CE740FE900B1D5D', '1556242992', 'TE9265E7112F94A9A9898FD10', '1556243041', 'TE9265E7112F94A9A9898FD10', '4', '0');
INSERT INTO "ATP"."DIC" VALUES ('T6F47109E22C4462B8F365AEF', '进行中', '进行中', 'TE0B8C6202CE740FE900B1D5D', '1556242999', 'TE9265E7112F94A9A9898FD10', '1556243037', 'TE9265E7112F94A9A9898FD10', '3', '0');
INSERT INTO "ATP"."DIC" VALUES ('TC7C17F6733094B50AD4F2694', '已取消', '已取消', 'TE0B8C6202CE740FE900B1D5D', '1556243005', 'TE9265E7112F94A9A9898FD10', null, null, '5', '0');
INSERT INTO "ATP"."DIC" VALUES ('T6ACD6B7D2899421B91A1FE53', '部级', '部级', 'T3EC4D21FC9424DC99482F81C', '1551232860', '4', null, null, '2', '0');
INSERT INTO "ATP"."DIC" VALUES ('T4D69ACFC7FF943948EC46BA6', '部门级', '部门级', 'T3EC4D21FC9424DC99482F81C', '1551232869', '4', null, null, '3', '0');
INSERT INTO "ATP"."DIC" VALUES ('T1E8FB95461364EFDAD4D3750', '报告', '报告', 'T50A759068CCD4B389D0846AB', '1551232949', '4', null, null, '3', '0');
INSERT INTO "ATP"."DIC" VALUES ('T4049FC6C5B494C738834B246', '进行中', '进行中', 'T159379BA76004E91B14B88DB', '1551330636', '4', null, null, '1', '0');
INSERT INTO "ATP"."DIC" VALUES ('T52257DA9A93B4D6BA47FA4E4', '已完成', '已完成', 'T159379BA76004E91B14B88DB', '1551330643', '4', null, null, '2', '0');
INSERT INTO "ATP"."DIC" VALUES ('TC3E07B18CB694281AC85F8D9', '被退回', '被退回', 'T159379BA76004E91B14B88DB', '1551330659', '4', null, null, '3', '0');
INSERT INTO "ATP"."DIC" VALUES ('T397B460313474830AEA33B4D', '已提交', '已提交', 'T159379BA76004E91B14B88DB', '1551330670', '4', null, null, '4', '0');
INSERT INTO "ATP"."DIC" VALUES ('TD5F30FE337B449AB857012BD', '无', '1', 'T7A0271B9B7E34206A07F6D33', '1551330736', '4', '1557724801', 'T353F1019CC1842C6AB382B8E', '4', '0');
INSERT INTO "ATP"."DIC" VALUES ('TCBF53E0983A7469EBE0EFF3B', '完善科研生产体系', '完善科研生产体系', 'TD6296EC44DF8407885F95022', '1552635402', 'TE9265E7112F94A9A9898FD10', null, null, '1', '0');
INSERT INTO "ATP"."DIC" VALUES ('T65A4C7EBB8C24E8284C42B6A', '强化型号任务管理', '强化型号任务管理', 'TD6296EC44DF8407885F95022', '1552635407', 'TE9265E7112F94A9A9898FD10', null, null, '2', '0');
INSERT INTO "ATP"."DIC" VALUES ('T71BAD2CAA1314AEDA2E04B46', '持续强化在轨管理', '持续强化在轨管理', 'TD6296EC44DF8407885F95022', '1552635411', 'TE9265E7112F94A9A9898FD10', null, null, '3', '0');
INSERT INTO "ATP"."DIC" VALUES ('TF6877386BC3143F8B0C16C97', '推动工具手段升级', '推动工具手段升级', 'TD6296EC44DF8407885F95022', '1552635416', 'TE9265E7112F94A9A9898FD10', null, null, '4', '0');
INSERT INTO "ATP"."DIC" VALUES ('T5411A1DA7D024252B957E3C2', '大力实施流程优化', '大力实施流程优化', 'TD6296EC44DF8407885F95022', '1552635420', 'TE9265E7112F94A9A9898FD10', null, null, '5', '0');
INSERT INTO "ATP"."DIC" VALUES ('T70C9F9054DF247479AA47D8C', '优化科研生产模式', '优化科研生产模式', 'TD6296EC44DF8407885F95022', '1552635426', 'TE9265E7112F94A9A9898FD10', null, null, '6', '0');
INSERT INTO "ATP"."DIC" VALUES ('T531BE010ED2743AE8D90BD44', '实施供应商管理', '实施供应商管理', 'TD6296EC44DF8407885F95022', '1552635432', 'TE9265E7112F94A9A9898FD10', null, null, '7', '0');
INSERT INTO "ATP"."DIC" VALUES ('T9269975A90114F66A45AC1C7', '推动产品化工作', '推动产品化工作', 'TD6296EC44DF8407885F95022', '1552635436', 'TE9265E7112F94A9A9898FD10', null, null, '8', '0');
INSERT INTO "ATP"."DIC" VALUES ('TFB26E6640349474A99BAF75F', '深入开展部门建设', '深入开展部门建设', 'TD6296EC44DF8407885F95022', '1552635442', 'TE9265E7112F94A9A9898FD10', null, null, '9', '0');

-- ----------------------------
-- Table structure for DIC_TYPE
-- ----------------------------
DROP TABLE "ATP"."DIC_TYPE";
CREATE TABLE "ATP"."DIC_TYPE" (
"DIC_TYPE_ID" VARCHAR2(200 BYTE) NOT NULL ,
"TYPE_NAME" VARCHAR2(200 BYTE) NULL ,
"DIC_TYPE_CREATETIME" VARCHAR2(30 BYTE) NULL ,
"DIC_TYPE_CREATEUSER" VARCHAR2(200 BYTE) NULL ,
"DIC_TYPE_LASTMODIFYTIME" VARCHAR2(30 BYTE) NULL ,
"DIC_TYPE_LASTMODIFYUSER" VARCHAR2(200 BYTE) NULL 
)
NOLOGGING
NOCOMPRESS
NOCACHE

;

-- ----------------------------
-- Records of DIC_TYPE
-- ----------------------------
INSERT INTO "ATP"."DIC_TYPE" VALUES ('TCA196ED5955E4930A23D8696', '目标管理父级分类', '1557477118', '4', null, null);
INSERT INTO "ATP"."DIC_TYPE" VALUES ('T1B91BFDA5A6A483C8D9FEAA7', '会议类别', '1551232248', '4', null, null);
INSERT INTO "ATP"."DIC_TYPE" VALUES ('T37DA4C4B918845C1AE4BCA22', '其他管理文件分类', '1552529891', '4', '1552529937', '4');
INSERT INTO "ATP"."DIC_TYPE" VALUES ('T457238AC45AC4288BA8D1914', '制度规范分类', '1552529904', '4', null, null);
INSERT INTO "ATP"."DIC_TYPE" VALUES ('TD86E253304404946B7E20257', '责任令分类', '1552529928', '4', null, null);
INSERT INTO "ATP"."DIC_TYPE" VALUES ('T7A0271B9B7E34206A07F6D33', '人员密级', '1548659007', '4', '1548660395', '4');
INSERT INTO "ATP"."DIC_TYPE" VALUES ('TD0EA1D95F65142189EEE0435', '年度', '1548917516', '4', null, null);
INSERT INTO "ATP"."DIC_TYPE" VALUES ('TE0B8C6202CE740FE900B1D5D', '完成状态', '1556242955', '4', null, null);
INSERT INTO "ATP"."DIC_TYPE" VALUES ('T9DBDDDB6754E46D9B3E9BCB2', '是否', '1551232268', '4', null, null);
INSERT INTO "ATP"."DIC_TYPE" VALUES ('T3EC4D21FC9424DC99482F81C', '会议级别', '1551232286', '4', null, null);
INSERT INTO "ATP"."DIC_TYPE" VALUES ('T1B77C471D6EC4370A813CE99', '质量问题状态', '1551421112', '4', null, null);
INSERT INTO "ATP"."DIC_TYPE" VALUES ('T1911FBD325CC4C37BBD72076', '月份', '1554861238', '4', null, null);
INSERT INTO "ATP"."DIC_TYPE" VALUES ('T159379BA76004E91B14B88DB', '流程状态', '1551232524', '4', '1556242947', '4');
INSERT INTO "ATP"."DIC_TYPE" VALUES ('T50A759068CCD4B389D0846AB', '完成形式', '1551232551', '4', null, null);
INSERT INTO "ATP"."DIC_TYPE" VALUES ('TCB1DD445181B4A8CB65BD2EF', '文件密级', '1551232579', '4', null, null);
INSERT INTO "ATP"."DIC_TYPE" VALUES ('TD6296EC44DF8407885F95022', '目标管理分类', '1552635342', '4', null, null);

-- ----------------------------
-- Table structure for FILEINFO
-- ----------------------------
DROP TABLE "ATP"."FILEINFO";
CREATE TABLE "ATP"."FILEINFO" (
"F_ID" VARCHAR2(100 BYTE) NOT NULL ,
"F_CREATETIME" VARCHAR2(100 BYTE) NULL ,
"F_CREATEUSER" VARCHAR2(100 BYTE) NULL ,
"F_LASTMODIFYTIME" VARCHAR2(100 BYTE) NULL ,
"F_LASTMODIFYUSER" VARCHAR2(100 BYTE) NULL ,
"F_NAME" VARCHAR2(200 BYTE) NULL ,
"F_SECRET" VARCHAR2(100 BYTE) NULL ,
"F_UPLOADTIME" VARCHAR2(200 BYTE) NULL ,
"F_PATH" VARCHAR2(200 BYTE) NULL ,
"F_REMARK" VARCHAR2(500 BYTE) NULL 
)
NOLOGGING
NOCOMPRESS
NOCACHE

;
COMMENT ON TABLE "ATP"."FILEINFO" IS '文件表';
COMMENT ON COLUMN "ATP"."FILEINFO"."F_NAME" IS '文件名称';
COMMENT ON COLUMN "ATP"."FILEINFO"."F_SECRET" IS '文件密级,关联dic，文件密级';
COMMENT ON COLUMN "ATP"."FILEINFO"."F_UPLOADTIME" IS '上传时间';
COMMENT ON COLUMN "ATP"."FILEINFO"."F_PATH" IS '文件路径';
COMMENT ON COLUMN "ATP"."FILEINFO"."F_REMARK" IS '备注';



-- ----------------------------
-- Table structure for FILERELATION
-- ----------------------------
DROP TABLE "ATP"."FILERELATION";
CREATE TABLE "ATP"."FILERELATION" (
"FR_ID" VARCHAR2(100 BYTE) NOT NULL ,
"FR_CREATETIME" VARCHAR2(100 BYTE) NULL ,
"FR_CREATEUSER" VARCHAR2(100 BYTE) NULL ,
"FR_LASTMODIFYTIME" VARCHAR2(100 BYTE) NULL ,
"FR_LASTMODIFYUSER" VARCHAR2(100 BYTE) NULL ,
"FR_OBJTYPE" VARCHAR2(100 BYTE) NULL ,
"FR_OBJID" VARCHAR2(100 BYTE) NULL ,
"FR_FILEID" VARCHAR2(100 BYTE) NULL ,
"FR_TYPE" VARCHAR2(100 BYTE) NULL 
)
NOLOGGING
NOCOMPRESS
NOCACHE

;
COMMENT ON TABLE "ATP"."FILERELATION" IS '文件关联表';
COMMENT ON COLUMN "ATP"."FILERELATION"."FR_OBJTYPE" IS '对象名';
COMMENT ON COLUMN "ATP"."FILERELATION"."FR_OBJID" IS '对象id，关联meetinfo等对象id';
COMMENT ON COLUMN "ATP"."FILERELATION"."FR_FILEID" IS '文件id，关联fileinfo';
COMMENT ON COLUMN "ATP"."FILERELATION"."FR_TYPE" IS '文件分类';

-- ----------------------------
-- Table structure for MODELINFO
-- ----------------------------
DROP TABLE "ATP"."MODELINFO";
CREATE TABLE "ATP"."MODELINFO" (
"MI_ID" VARCHAR2(100 BYTE) NOT NULL ,
"MI_NAME" VARCHAR2(100 BYTE) NULL ,
"MI_CREATETIME" VARCHAR2(100 BYTE) NULL ,
"MI_CREATEUSER" VARCHAR2(100 BYTE) NULL ,
"MI_LASTMODIFYTIME" VARCHAR2(100 BYTE) NULL ,
"MI_LASTMODIFYUSER" VARCHAR2(100 BYTE) NULL ,
"MI_SORT" NUMBER DEFAULT 0  NULL ,
"MI_URL" VARCHAR2(200 BYTE) NULL ,
"MI_ISSYSTEM" VARCHAR2(100 BYTE) DEFAULT '否'  NULL ,
"MI_TYPE" VARCHAR2(100 BYTE) NULL ,
"MI_PID" VARCHAR2(100 BYTE) NULL ,
"MI_ISDEFAULT" VARCHAR2(100 BYTE) DEFAULT '否'  NULL 
)
NOLOGGING
NOCOMPRESS
NOCACHE

;
COMMENT ON COLUMN "ATP"."MODELINFO"."MI_NAME" IS '名称';
COMMENT ON COLUMN "ATP"."MODELINFO"."MI_ISDEFAULT" IS '是否缺省';

-- ----------------------------
-- Records of MODELINFO
-- ----------------------------
INSERT INTO "ATP"."MODELINFO" VALUES ('T5153CAC9AF954011827F902B', '富文本编辑器', '1557817255', '4', null, null, '10', 'Demo/BigText/index', '否', '网站菜单', null, '否');
INSERT INTO "ATP"."MODELINFO" VALUES ('1', '字典管理', null, null, '1551929766', '4', '108', 'Admin/Dictionary/index', '否', '网站菜单', 'T3982C09DA64B4C159E5FE023', '否');
INSERT INTO "ATP"."MODELINFO" VALUES ('2', '字典类型管理', null, null, null, null, '92', 'Admin/DicType/index', '是', '网站菜单', null, '否');
INSERT INTO "ATP"."MODELINFO" VALUES ('T8A86398AC5FC4F39944FDBA1', '日志查询', '1522202465', 'safe', null, null, '103', 'Admin/LogManage/index', '是', '网站菜单', null, '否');
INSERT INTO "ATP"."MODELINFO" VALUES ('TA1E1F103762848969194556B', '模块授权添加编辑页面', '1522375706', '1', null, null, '33', 'Admin/RoleAuth/editByModel', '是', '功能页面', 'T3A62E07E49B94413BF9C8E5E', '否');
INSERT INTO "ATP"."MODELINFO" VALUES ('TD6B35D17E00D45A8805FEA79', '模块管理', '1522202360', 'safe', null, null, '94', 'Admin/ModelInfo/index', '是', '网站菜单', null, '否');
INSERT INTO "ATP"."MODELINFO" VALUES ('T0C3027698FA1431984813D0D', '字典类型添加、编辑页面', '1522373322', '1', null, null, '39', 'Admin/DicType/add', '是', '功能页面', '2', '否');
INSERT INTO "ATP"."MODELINFO" VALUES ('T826F1917B1864D0E9E88C102', '配置项管理', '1526463513', '4', '1526517923', '4', '104', 'Admin/SystemConfig/index', '是', '网站菜单', null, '是');
INSERT INTO "ATP"."MODELINFO" VALUES ('T190B69B371FF401EAAB39170', '配置项编辑页面', '1526517826', '4', null, null, '105', 'Admin/SystemConfig/edit', '是', '功能页面', 'T826F1917B1864D0E9E88C102', '是');
INSERT INTO "ATP"."MODELINFO" VALUES ('TACB003B83F43447A985ECFCF', '角色添加、编辑页面', '1522312784', 'system', null, null, '79', 'Admin/RoleInfo/add', '是', '功能页面', 'T94277F330BAE48E0AE1C9BFA', '否');
INSERT INTO "ATP"."MODELINFO" VALUES ('T73D9B75019AC421EA37B5E3D', '用户添加、编辑页面', '1522313088', 'system', null, null, '77', 'Admin/User/add', '是', '功能页面', 'T6CBD13D50B8B4DF5946A29CE', '否');
INSERT INTO "ATP"."MODELINFO" VALUES ('T9A5FA35A8DB94ED8A5A41EE2', '角色授权添加编辑页面', '1522375798', '1', '1522376981', 'safe', '27', 'Admin/UserAuth/editByRole', '是', '功能页面', 'T68588C53EC674BB389EFE3BB', '否');
INSERT INTO "ATP"."MODELINFO" VALUES ('T3A62E07E49B94413BF9C8E5E', '角色授权', '1522202442', 'safe', '1551916090', '4', '101', 'Admin/RoleAuth/index', '是', '网站菜单', null, '否');
INSERT INTO "ATP"."MODELINFO" VALUES ('T6CBD13D50B8B4DF5946A29CE', '用户管理', '1522202403', 'safe', null, null, '100', 'Admin/User/index', '是', '网站菜单', null, '否');
INSERT INTO "ATP"."MODELINFO" VALUES ('T68588C53EC674BB389EFE3BB', '用户授权', '1522202454', 'safe', null, null, '99', 'Admin/UserAuth/index', '是', '网站菜单', null, '否');
INSERT INTO "ATP"."MODELINFO" VALUES ('TCD321734CB7644ECA43DCBFE', '用户授权添加编辑页面', '1522375858', '1', '1522376987', 'safe', '29', 'Admin/UserAuth/editByUser', '是', '功能页面', 'T68588C53EC674BB389EFE3BB', '否');
INSERT INTO "ATP"."MODELINFO" VALUES ('T2D253D9CD2784DA7913CCF21', '模块添加、编辑页面', '1522312248', 'system', null, null, '85', 'Admin/ModelInfo/add', '是', '功能页面', 'TD6B35D17E00D45A8805FEA79', '否');
INSERT INTO "ATP"."MODELINFO" VALUES ('T137509FD1065437F9929A8B6', '部门添加、编辑页面', '1522312478', 'system', '1551928596', '4', '107', 'Admin/Org/add', '否', '功能页面', 'TDB04A27F2AB0466DA576F7E5', '否');
INSERT INTO "ATP"."MODELINFO" VALUES ('TCE4B611F505E4141B469F814', '字典添加、编辑页面', '1522372162', '1', '1551928591', '4', '106', 'Admin/Dictionary/add', '否', '功能页面', '1', '否');
INSERT INTO "ATP"."MODELINFO" VALUES ('T765CD1FAA63944B1AD553B71', '角色授权添加、编辑页面', '1522375645', '1', '1522377792', 'safe', '32', 'Admin/RoleAuth/editByRole', '是', '功能页面', 'T3A62E07E49B94413BF9C8E5E', '否');
INSERT INTO "ATP"."MODELINFO" VALUES ('T94277F330BAE48E0AE1C9BFA', '角色管理', '1522202373', 'safe', null, null, '97', 'Admin/RoleInfo/index', '是', '网站菜单', null, '否');
INSERT INTO "ATP"."MODELINFO" VALUES ('T73ED91364FC84B81979F3FC0', '用户状态管理', '1522202430', 'safe', null, null, '96', 'Admin/UserSafe/index', '是', '网站菜单', null, '否');
INSERT INTO "ATP"."MODELINFO" VALUES ('T802309E76E45476492A67F6F', '给角色授权用户', '1550457808', '4', null, null, '11', 'Admin/UserAuth/roleAuth', '是', '功能页面', 'T68588C53EC674BB389EFE3BB', '否');
INSERT INTO "ATP"."MODELINFO" VALUES ('TDB04A27F2AB0466DA576F7E5', '单位管理', '1551237940', '4', '1552023922', '4', '61', 'Admin/Org/index', '否', '网站菜单', 'T3982C09DA64B4C159E5FE023', '否');
INSERT INTO "ATP"."MODELINFO" VALUES ('T7C8098F674D84F73884A78F2', '管理活动', '1552023653', '4', '1552527225', '4', '20', '#', '否', '网站菜单', null, '否');
INSERT INTO "ATP"."MODELINFO" VALUES ('T014A433E612C459BB9707E5D', '待办事项管理', '1552023757', '4', '1552527250', '4', '22', 'Demo/Yuan/frame', '否', '网站菜单', 'T7C8098F674D84F73884A78F2', '否');
INSERT INTO "ATP"."MODELINFO" VALUES ('T3982C09DA64B4C159E5FE023', '基础信息维护', '1551915936', '4', '1552023884', '4', '60', '#', '否', '网站菜单', null, '否');
INSERT INTO "ATP"."MODELINFO" VALUES ('TA0C8AFA05F1845DC8508E65B', '管理活动综合管理', '1551916003', '4', '1552527241', '4', '21', 'Demo/Meet/frame', '否', '网站菜单', 'T7C8098F674D84F73884A78F2', '否');

-- ----------------------------
-- Table structure for OPLOG
-- ----------------------------
DROP TABLE "ATP"."OPLOG";
CREATE TABLE "ATP"."OPLOG" (
"OPL_ID" VARCHAR2(100 BYTE) NOT NULL ,
"OPL_USER" VARCHAR2(100 BYTE) NULL ,
"OPL_IP" VARCHAR2(100 BYTE) NULL ,
"OPL_TIME" VARCHAR2(100 BYTE) NULL ,
"OPL_OBJECT" VARCHAR2(100 BYTE) NULL ,
"OPL_CONTENT" VARCHAR2(2000 BYTE) NULL ,
"OPL_RESULT" VARCHAR2(100 BYTE) NULL ,
"OPL_FIRSTCONTENT" VARCHAR2(2000 BYTE) NULL ,
"OPL_LOGTYPE" VARCHAR2(100 BYTE) NULL ,
"OPL_LOGCODE" VARCHAR2(2000 BYTE) NULL 
)
NOLOGGING
NOCOMPRESS
NOCACHE

;
COMMENT ON TABLE "ATP"."OPLOG" IS '操作日志表';
COMMENT ON COLUMN "ATP"."OPLOG"."OPL_ID" IS '主键';
COMMENT ON COLUMN "ATP"."OPLOG"."OPL_USER" IS '操作人';
COMMENT ON COLUMN "ATP"."OPLOG"."OPL_IP" IS 'IP地址';
COMMENT ON COLUMN "ATP"."OPLOG"."OPL_TIME" IS '操作时间';
COMMENT ON COLUMN "ATP"."OPLOG"."OPL_OBJECT" IS '操作详情对象';
COMMENT ON COLUMN "ATP"."OPLOG"."OPL_CONTENT" IS '操作详情';
COMMENT ON COLUMN "ATP"."OPLOG"."OPL_RESULT" IS '操作结果';
COMMENT ON COLUMN "ATP"."OPLOG"."OPL_FIRSTCONTENT" IS '操作一级内容';
COMMENT ON COLUMN "ATP"."OPLOG"."OPL_LOGTYPE" IS '日志类型';
COMMENT ON COLUMN "ATP"."OPLOG"."OPL_LOGCODE" IS '日志加密编码';



-- ----------------------------
-- Table structure for ORG
-- ----------------------------
DROP TABLE "ATP"."ORG";
CREATE TABLE "ATP"."ORG" (
"ORG_ID" VARCHAR2(100 BYTE) NOT NULL ,
"ORG_NAME" VARCHAR2(200 BYTE) NULL ,
"ORG_PID" VARCHAR2(100 BYTE) DEFAULT '0'  NULL ,
"ORG_FULLNAME" VARCHAR2(500 BYTE) NULL ,
"ORG_FULLNUM" VARCHAR2(100 BYTE) NULL ,
"ORG_DEPTH" VARCHAR2(100 BYTE) NULL ,
"ORG_CREATETIME" VARCHAR2(100 BYTE) NULL ,
"ORG_CREATEUSER" VARCHAR2(100 BYTE) NULL ,
"ORG_LASTMODIFYTIME" VARCHAR2(100 BYTE) NULL ,
"ORG_LASTMODIFYUSER" VARCHAR2(100 BYTE) NULL ,
"ORG_ISAVALIABLE" VARCHAR2(100 BYTE) NULL ,
"ORG_SID" VARCHAR2(100 BYTE) NULL ,
"ORG_ISONLYSHOW" VARCHAR2(100 BYTE) NULL 
)
NOLOGGING
NOCOMPRESS
NOCACHE

;
COMMENT ON TABLE "ATP"."ORG" IS '组织部门';
COMMENT ON COLUMN "ATP"."ORG"."ORG_ID" IS '主键';
COMMENT ON COLUMN "ATP"."ORG"."ORG_NAME" IS '组织名称';
COMMENT ON COLUMN "ATP"."ORG"."ORG_PID" IS '父级部门';
COMMENT ON COLUMN "ATP"."ORG"."ORG_FULLNAME" IS '全称';
COMMENT ON COLUMN "ATP"."ORG"."ORG_FULLNUM" IS '排序码';
COMMENT ON COLUMN "ATP"."ORG"."ORG_DEPTH" IS '级次';
COMMENT ON COLUMN "ATP"."ORG"."ORG_ISAVALIABLE" IS '是否有效，启用、禁用';
COMMENT ON COLUMN "ATP"."ORG"."ORG_SID" IS '主数据id';
COMMENT ON COLUMN "ATP"."ORG"."ORG_ISONLYSHOW" IS '是否在归属部门、分承研中展示，1展示，0不展示';



-- ----------------------------
-- Table structure for ORG_OUT
-- ----------------------------
DROP TABLE "ATP"."ORG_OUT";
CREATE TABLE "ATP"."ORG_OUT" (
"ORG_ID" VARCHAR2(100 BYTE) NOT NULL ,
"ORG_NAME" VARCHAR2(500 BYTE) NULL ,
"ORG_PID" VARCHAR2(100 BYTE) DEFAULT '0'  NULL ,
"ORG_FULLNAME" VARCHAR2(500 BYTE) NULL ,
"ORG_FULLNUM" VARCHAR2(100 BYTE) NULL ,
"ORG_DEPTH" VARCHAR2(100 BYTE) NULL ,
"ORG_CREATETIME" VARCHAR2(100 BYTE) NULL ,
"ORG_CREATEUSER" VARCHAR2(100 BYTE) NULL ,
"ORG_LASTMODIFYTIME" VARCHAR2(100 BYTE) NULL ,
"ORG_LASTMODIFYUSER" VARCHAR2(100 BYTE) NULL ,
"ORG_ISAVALIABLE" VARCHAR2(100 BYTE) NULL ,
"ORG_SID" VARCHAR2(100 BYTE) NULL 
)
NOLOGGING
NOCOMPRESS
NOCACHE

;
COMMENT ON TABLE "ATP"."ORG_OUT" IS '组织部门';
COMMENT ON COLUMN "ATP"."ORG_OUT"."ORG_ID" IS '主键';
COMMENT ON COLUMN "ATP"."ORG_OUT"."ORG_NAME" IS '组织名称';
COMMENT ON COLUMN "ATP"."ORG_OUT"."ORG_PID" IS '父级部门';
COMMENT ON COLUMN "ATP"."ORG_OUT"."ORG_FULLNAME" IS '全称';
COMMENT ON COLUMN "ATP"."ORG_OUT"."ORG_FULLNUM" IS '排序码';
COMMENT ON COLUMN "ATP"."ORG_OUT"."ORG_DEPTH" IS '级次';
COMMENT ON COLUMN "ATP"."ORG_OUT"."ORG_ISAVALIABLE" IS '是否有效，启用，禁用';
COMMENT ON COLUMN "ATP"."ORG_OUT"."ORG_SID" IS '主数据id';






-- ----------------------------
-- Table structure for ROLEAUTH
-- ----------------------------
DROP TABLE "ATP"."ROLEAUTH";
CREATE TABLE "ATP"."ROLEAUTH" (
"RA_ID" VARCHAR2(100 BYTE) NOT NULL ,
"RA_ROLEID" VARCHAR2(100 BYTE) NULL ,
"RA_MIID" VARCHAR2(100 BYTE) NULL ,
"RA_CREATETIME" VARCHAR2(100 BYTE) NULL ,
"RA_CREATEUSER" VARCHAR2(100 BYTE) NULL ,
"RA_LASTMODIFYTIME" VARCHAR2(100 BYTE) NULL ,
"RA_LASTMODIFYUSER" VARCHAR2(100 BYTE) NULL 
)
NOLOGGING
NOCOMPRESS
NOCACHE

;
COMMENT ON COLUMN "ATP"."ROLEAUTH"."RA_ROLEID" IS '角色id';
COMMENT ON COLUMN "ATP"."ROLEAUTH"."RA_MIID" IS '模块id';

-- ----------------------------
-- Records of ROLEAUTH
-- ----------------------------
INSERT INTO "ATP"."ROLEAUTH" VALUES ('T059F5EDA0E9246ED80E0F553', '3', 'T73ED91364FC84B81979F3FC0', '1522217029', 'audit', null, null);
INSERT INTO "ATP"."ROLEAUTH" VALUES ('TF5087D1459A14B2FBE450F5B', '3', 'T8A86398AC5FC4F39944FDBA1', '1522217030', 'audit', null, null);
INSERT INTO "ATP"."ROLEAUTH" VALUES ('T73F9FF65058245DB9AB77D16', '3', 'T3A62E07E49B94413BF9C8E5E', '1522217030', 'audit', null, null);
INSERT INTO "ATP"."ROLEAUTH" VALUES ('T6FA0046B357F4712BD25D637', '3', 'T68588C53EC674BB389EFE3BB', '1522217030', 'audit', null, null);
INSERT INTO "ATP"."ROLEAUTH" VALUES ('T5982337A09744E36AD460079', 'T2233AA12393D480B9A1AF13B', 'TECBCA81526A74E90A05DBC36', '1552024268', 'safe', null, null);
INSERT INTO "ATP"."ROLEAUTH" VALUES ('TB4C7020D806F4DB0B87E2112', 'T2233AA12393D480B9A1AF13B', 'T6F31EE5171764A1481F8F69E', '1552024268', 'safe', null, null);
INSERT INTO "ATP"."ROLEAUTH" VALUES ('TC1FEC37BB88E461B945F5728', 'T2233AA12393D480B9A1AF13B', 'TFD9ADE96EC81438FB9C36468', '1552024268', 'safe', null, null);
INSERT INTO "ATP"."ROLEAUTH" VALUES ('TBBE691B916264DB8A4C6F21C', 'T2233AA12393D480B9A1AF13B', 'T4032B55471C143B996ABCF30', '1552024268', 'safe', null, null);
INSERT INTO "ATP"."ROLEAUTH" VALUES ('TE70909AE1AF541908DCAD844', 'T2233AA12393D480B9A1AF13B', 'T47ED9EA42EFC4F899670E839', '1552024268', 'safe', null, null);
INSERT INTO "ATP"."ROLEAUTH" VALUES ('TCC20E58DF31C474DA45B3A13', 'T2233AA12393D480B9A1AF13B', 'T7C8098F674D84F73884A78F2', '1552024268', 'safe', null, null);
INSERT INTO "ATP"."ROLEAUTH" VALUES ('TE7053F7E6C6F42029DF8F181', 'T2233AA12393D480B9A1AF13B', 'TA0C8AFA05F1845DC8508E65B', '1552024268', 'safe', null, null);
INSERT INTO "ATP"."ROLEAUTH" VALUES ('T6BF7F634FA3A4501800188C9', 'T2233AA12393D480B9A1AF13B', 'T014A433E612C459BB9707E5D', '1552024268', 'safe', null, null);
INSERT INTO "ATP"."ROLEAUTH" VALUES ('T4B9C4A89F0DC4202A53150BE', 'T2233AA12393D480B9A1AF13B', 'T037E21FF0D954F62ADBBFA04', '1552024268', 'safe', null, null);
INSERT INTO "ATP"."ROLEAUTH" VALUES ('T19476F11871D407B8DCC1D08', 'T2233AA12393D480B9A1AF13B', 'T0131627E892B45BB899E954B', '1552024268', 'safe', null, null);
INSERT INTO "ATP"."ROLEAUTH" VALUES ('T71E02E0B40984CD8A921B00C', 'T2233AA12393D480B9A1AF13B', 'T50358EA22CD449F9843BD8C4', '1552024268', 'safe', null, null);
INSERT INTO "ATP"."ROLEAUTH" VALUES ('T3E3436DC30EF47208E25EEAB', 'T0F0CDEF8D7394B118C10DFED', 'TECBCA81526A74E90A05DBC36', '1552983248', 'safe', null, null);
INSERT INTO "ATP"."ROLEAUTH" VALUES ('TED0BD29C57B140CD9D73E751', 'T0F0CDEF8D7394B118C10DFED', 'T4032B55471C143B996ABCF30', '1552983248', 'safe', null, null);
INSERT INTO "ATP"."ROLEAUTH" VALUES ('T0DC4C29055A943579FCC11FB', 'T94AEC057423743E5AAD7B43A2', null, '1551779178', 'safe', null, null);
INSERT INTO "ATP"."ROLEAUTH" VALUES ('T1D0BB89B3871477C8AD52D68', 'T0F0CDEF8D7394B118C10DFED', 'TFD9ADE96EC81438FB9C36468', '1552983248', 'safe', null, null);
INSERT INTO "ATP"."ROLEAUTH" VALUES ('T44A53F05E7B64504AEC46C1E', 'T0F0CDEF8D7394B118C10DFED', 'T6F31EE5171764A1481F8F69E', '1552983248', 'safe', null, null);
INSERT INTO "ATP"."ROLEAUTH" VALUES ('T0B35B9DA815A4CCCB5B9C528', 'T0F0CDEF8D7394B118C10DFED', 'T47ED9EA42EFC4F899670E839', '1552983248', 'safe', null, null);
INSERT INTO "ATP"."ROLEAUTH" VALUES ('TB43F8FAB373146E6A33D0C71', 'T0F0CDEF8D7394B118C10DFED', 'T7C8098F674D84F73884A78F2', '1552983248', 'safe', null, null);
INSERT INTO "ATP"."ROLEAUTH" VALUES ('T44DE2088F49F4C5F89102B8E', 'T0F0CDEF8D7394B118C10DFED', 'TA0C8AFA05F1845DC8508E65B', '1552983248', 'safe', null, null);
INSERT INTO "ATP"."ROLEAUTH" VALUES ('T1E34653176484BA0B31EDD33', 'T0F0CDEF8D7394B118C10DFED', 'T014A433E612C459BB9707E5D', '1552983248', 'safe', null, null);
INSERT INTO "ATP"."ROLEAUTH" VALUES ('TA7B1C1115EB14789A4A1FB87', 'T0F0CDEF8D7394B118C10DFED', 'T037E21FF0D954F62ADBBFA04', '1552983248', 'safe', null, null);
INSERT INTO "ATP"."ROLEAUTH" VALUES ('T510B7ABE42574A789AE65F53', 'T0F0CDEF8D7394B118C10DFED', 'T0131627E892B45BB899E954B', '1552983248', 'safe', null, null);
INSERT INTO "ATP"."ROLEAUTH" VALUES ('T831ED782B2F248CD8027AE09', 'T0F0CDEF8D7394B118C10DFED', 'T50358EA22CD449F9843BD8C4', '1552983248', 'safe', null, null);
INSERT INTO "ATP"."ROLEAUTH" VALUES ('T858F5958AEB2447991168AA7', '4', 'T826F1917B1864D0E9E88C102', '1526464236', 'safe', null, null);
INSERT INTO "ATP"."ROLEAUTH" VALUES ('T145544D2EC556456D9583D1DF', '4', '1', null, null, null, null);
INSERT INTO "ATP"."ROLEAUTH" VALUES ('T6FA0046B5222F4712BD25D637', '4', '2', null, null, null, null);
INSERT INTO "ATP"."ROLEAUTH" VALUES ('T024764B672B04620BA767BA5', '4', 'TD6B35D17E00D45A8805FEA79', '1522217188', 'audit', null, null);
INSERT INTO "ATP"."ROLEAUTH" VALUES ('TF5087D1459A14B2FBE450F5C', '2', 'T8A86398AC5FC4F39944FDBA1', '1522217030', 'audit', null, null);
INSERT INTO "ATP"."ROLEAUTH" VALUES ('TAA61D19E0A084A089D539B38', '1', 'T6CBD13D50B8B4DF5946A29CE', '1522217188', 'audit', null, null);
INSERT INTO "ATP"."ROLEAUTH" VALUES ('T69D296CDC11F4A4482AF1D8A', '6', 'T6019BFFCEDE4409682697C08', '1540965921', 'safe', null, null);
INSERT INTO "ATP"."ROLEAUTH" VALUES ('T6FA0046B234sF4712BD25D637', '6', 'T07DD76AF45214BC5A7A6160A', null, null, null, null);
INSERT INTO "ATP"."ROLEAUTH" VALUES ('T6F8A674D81B94D07804863F5', '1', 'T94277F330BAE48E0AE1C9BFA', '1522217188', 'audit', null, null);
INSERT INTO "ATP"."ROLEAUTH" VALUES ('T4FCF26BF8FA44CD9A9634DFB', 'T13CD917D96F9416F968ADA97', '4', '1525243106', 'safe', null, null);
INSERT INTO "ATP"."ROLEAUTH" VALUES ('TC66A225839F24A10934A919C', '1', 'T7406E01541FC4AADAEDD0772', '1522217188', 'audit', null, null);
INSERT INTO "ATP"."ROLEAUTH" VALUES ('TC66A225839F24A10934A919D', '1', 'TDB04A27F2AB0466DA576F7E5', '1522217188', 'audit', null, null);
INSERT INTO "ATP"."ROLEAUTH" VALUES ('T858F5958AEB2447991168AA7', '4', 'T826F1917B1864D0E9E88C102', '1526464236', 'safe', null, null);
INSERT INTO "ATP"."ROLEAUTH" VALUES ('T145544D2EC556456D9583D1DF', '4', '1', null, null, null, null);
INSERT INTO "ATP"."ROLEAUTH" VALUES ('T9383999B54DB4B118F0A1CB3', '7', 'T1CE657B8F2D14FBB86E7A5B0', '1540976094', 'safe', null, null);
INSERT INTO "ATP"."ROLEAUTH" VALUES ('T58D6B764FB534F82949DF02F', '7', 'T07DD76AF45214BC5A7A6160A', '1540976094', 'safe', null, null);
INSERT INTO "ATP"."ROLEAUTH" VALUES ('T5D9247A59AEB47B88C85DB75', '5', 'T57581EF5548A4BC8A85A355D', '1544175116', 'safe', null, null);
INSERT INTO "ATP"."ROLEAUTH" VALUES ('T35646587C12044BB9E79C8F2', '5', 'T53E315F7A35947DA9767F651', '1544175116', 'safe', null, null);
INSERT INTO "ATP"."ROLEAUTH" VALUES ('T4D3F1B12F07A45B69D5FB220', '5', 'T80485EBE76CB453BBEE0228E', '1544175116', 'safe', null, null);
INSERT INTO "ATP"."ROLEAUTH" VALUES ('TC2BE6D41CE8E4F498940FD59', '5', 'T7406E01541FC4AADAEDD0772', '1544175116', 'safe', null, null);
INSERT INTO "ATP"."ROLEAUTH" VALUES ('TA5A5A3D01F9444E2BA6D20BC', '5', 'TC07BD24CA99543839148749B', '1544175116', 'safe', null, null);
INSERT INTO "ATP"."ROLEAUTH" VALUES ('T2BEDF2C57D924A6DBFFBEC09', '5', 'T07DD76AF45214BC5A7A6160A', '1544175116', 'safe', null, null);
INSERT INTO "ATP"."ROLEAUTH" VALUES ('TA929AD4C64A948A683EF37BC', '5', 'TDA8AEE1B157B4CDFBB6A6B23', '1544175116', 'safe', null, null);
INSERT INTO "ATP"."ROLEAUTH" VALUES ('TDE20270A6E5249C49710EE1C', '5', '1', '1544175116', 'safe', null, null);
INSERT INTO "ATP"."ROLEAUTH" VALUES ('T290B9D5D6DD24B59A6796E35', 'T886B426D95924386A24DA736', 'T6F31EE5171764A1481F8F69E', '1552024197', 'safe', null, null);
INSERT INTO "ATP"."ROLEAUTH" VALUES ('TF5D2565749AF45E5A4EBD655', 'T1B676CE41141406C85E6A4B5', 'TECBCA81526A74E90A05DBC36', '1552024331', 'safe', null, null);
INSERT INTO "ATP"."ROLEAUTH" VALUES ('TA42DC469572F45AAB6A0C2D5', 'T886B426D95924386A24DA736', 'TFD9ADE96EC81438FB9C36468', '1552024197', 'safe', null, null);
INSERT INTO "ATP"."ROLEAUTH" VALUES ('TEFDF6470B8264ABA8154062A', 'T41DB99CD01564605AC063A78', 'TFD9ADE96EC81438FB9C36468', '1552024322', 'safe', null, null);
INSERT INTO "ATP"."ROLEAUTH" VALUES ('T0C5A9B4A9EAB4E34BDBF7992', 'T886B426D95924386A24DA736', 'TECBCA81526A74E90A05DBC36', '1552024197', 'safe', null, null);
INSERT INTO "ATP"."ROLEAUTH" VALUES ('T56496B939E324FF1B2C31FBF', 'T886B426D95924386A24DA736', 'T4032B55471C143B996ABCF30', '1552024197', 'safe', null, null);
INSERT INTO "ATP"."ROLEAUTH" VALUES ('TEA54AFC33FC547CA8B1C974F', 'T886B426D95924386A24DA736', 'T47ED9EA42EFC4F899670E839', '1552024197', 'safe', null, null);
INSERT INTO "ATP"."ROLEAUTH" VALUES ('TE3C47694A7574AB29E452879', 'T886B426D95924386A24DA736', 'T7C8098F674D84F73884A78F2', '1552024197', 'safe', null, null);
INSERT INTO "ATP"."ROLEAUTH" VALUES ('T4EAD7AB40CD34C3A97E170E5', 'T886B426D95924386A24DA736', 'TA0C8AFA05F1845DC8508E65B', '1552024197', 'safe', null, null);
INSERT INTO "ATP"."ROLEAUTH" VALUES ('T86D330DAD60E43F1A11D2AB1', 'T886B426D95924386A24DA736', 'T014A433E612C459BB9707E5D', '1552024197', 'safe', null, null);
INSERT INTO "ATP"."ROLEAUTH" VALUES ('TAB9BC2C122C34D37A808358B', 'T7CDE3A78C46F4E9EA327DC96', 'TECBCA81526A74E90A05DBC36', '1556006564', 'safe', null, null);
INSERT INTO "ATP"."ROLEAUTH" VALUES ('T4BE4E988D6DD42FE9E0102D3', 'T886B426D95924386A24DA736', 'T037E21FF0D954F62ADBBFA04', '1552024197', 'safe', null, null);
INSERT INTO "ATP"."ROLEAUTH" VALUES ('TA827982BA0A047AA9A85205F', 'T886B426D95924386A24DA736', 'T0131627E892B45BB899E954B', '1552024197', 'safe', null, null);
INSERT INTO "ATP"."ROLEAUTH" VALUES ('TCC305608A3B34ED68CDE0B90', 'T7CDE3A78C46F4E9EA327DC96', 'T4032B55471C143B996ABCF30', '1556006564', 'safe', null, null);
INSERT INTO "ATP"."ROLEAUTH" VALUES ('T7340FFAC0C7C4B0FA25628C8', 'T7CDE3A78C46F4E9EA327DC96', 'TFD9ADE96EC81438FB9C36468', '1556006564', 'safe', null, null);
INSERT INTO "ATP"."ROLEAUTH" VALUES ('T2C376A9D632442E09D288F51', 'T7CDE3A78C46F4E9EA327DC96', 'T6F31EE5171764A1481F8F69E', '1556006564', 'safe', null, null);
INSERT INTO "ATP"."ROLEAUTH" VALUES ('T6765E2884A1741B1ABD6DC39', 'T886B426D95924386A24DA736', 'T50358EA22CD449F9843BD8C4', '1552024197', 'safe', null, null);
INSERT INTO "ATP"."ROLEAUTH" VALUES ('TB9F1CA3365314B7293C84D36', 'T061AB8E3062D48849070093E', 'TECBCA81526A74E90A05DBC36', '1552024214', 'safe', null, null);
INSERT INTO "ATP"."ROLEAUTH" VALUES ('T7B50915B4D264FCDBA01C8EB', 'T061AB8E3062D48849070093E', 'T6F31EE5171764A1481F8F69E', '1552024214', 'safe', null, null);
INSERT INTO "ATP"."ROLEAUTH" VALUES ('T5523C6C246B448F581292B5A', 'T061AB8E3062D48849070093E', 'TFD9ADE96EC81438FB9C36468', '1552024214', 'safe', null, null);
INSERT INTO "ATP"."ROLEAUTH" VALUES ('T9A8E012FCC0841C1AB3AA6BF', 'T061AB8E3062D48849070093E', 'T4032B55471C143B996ABCF30', '1552024214', 'safe', null, null);
INSERT INTO "ATP"."ROLEAUTH" VALUES ('TB11123ED2C754B63850CEDDA', 'T061AB8E3062D48849070093E', 'T47ED9EA42EFC4F899670E839', '1552024214', 'safe', null, null);
INSERT INTO "ATP"."ROLEAUTH" VALUES ('T016FB56E2BC041E9A2A3F434', 'T061AB8E3062D48849070093E', 'T7C8098F674D84F73884A78F2', '1552024214', 'safe', null, null);
INSERT INTO "ATP"."ROLEAUTH" VALUES ('T1E26AA918C7948469F617561', 'T061AB8E3062D48849070093E', 'TA0C8AFA05F1845DC8508E65B', '1552024214', 'safe', null, null);
INSERT INTO "ATP"."ROLEAUTH" VALUES ('T54E0FEA08F8B450593CD1397', 'T061AB8E3062D48849070093E', 'T014A433E612C459BB9707E5D', '1552024214', 'safe', null, null);
INSERT INTO "ATP"."ROLEAUTH" VALUES ('T9985C8E75E22413499F6DC97', 'T061AB8E3062D48849070093E', 'T037E21FF0D954F62ADBBFA04', '1552024214', 'safe', null, null);
INSERT INTO "ATP"."ROLEAUTH" VALUES ('T6759F24BEC294DD991890719', 'T061AB8E3062D48849070093E', 'T0131627E892B45BB899E954B', '1552024214', 'safe', null, null);
INSERT INTO "ATP"."ROLEAUTH" VALUES ('T443AF0ECFA3E4FD5B1F55626', 'T7CDE3A78C46F4E9EA327DC96', 'T47ED9EA42EFC4F899670E839', '1556006564', 'safe', null, null);
INSERT INTO "ATP"."ROLEAUTH" VALUES ('T9F50924B87B249839070A717', 'T7CDE3A78C46F4E9EA327DC96', 'T370037ECE1334B13AA5926AF', '1556006564', 'safe', null, null);
INSERT INTO "ATP"."ROLEAUTH" VALUES ('T303B9D82425547AD981C92CB', 'T7CDE3A78C46F4E9EA327DC96', 'T7C8098F674D84F73884A78F2', '1556006564', 'safe', null, null);
INSERT INTO "ATP"."ROLEAUTH" VALUES ('T0CAE108F50EE4456A1D8499D', 'T061AB8E3062D48849070093E', 'T50358EA22CD449F9843BD8C4', '1552024214', 'safe', null, null);
INSERT INTO "ATP"."ROLEAUTH" VALUES ('T0C2D913DB9F94CDBB0DA863D', 'T5079277345D0405C9FC132B5', 'TECBCA81526A74E90A05DBC36', '1552024232', 'safe', null, null);
INSERT INTO "ATP"."ROLEAUTH" VALUES ('T6D6E7D2D6EA14804AE5B5673', 'T5079277345D0405C9FC132B5', 'T6F31EE5171764A1481F8F69E', '1552024232', 'safe', null, null);
INSERT INTO "ATP"."ROLEAUTH" VALUES ('TA6AD15CF8C734F4F9687494C', 'T5079277345D0405C9FC132B5', 'TFD9ADE96EC81438FB9C36468', '1552024232', 'safe', null, null);
INSERT INTO "ATP"."ROLEAUTH" VALUES ('T09AC1E4E60B54473B308524E', 'T5079277345D0405C9FC132B5', 'T4032B55471C143B996ABCF30', '1552024232', 'safe', null, null);
INSERT INTO "ATP"."ROLEAUTH" VALUES ('T6E09A551D95144B8AC6E4C30', 'T5079277345D0405C9FC132B5', 'T47ED9EA42EFC4F899670E839', '1552024232', 'safe', null, null);
INSERT INTO "ATP"."ROLEAUTH" VALUES ('TE44A953A7F6F4179806290FA', 'T5079277345D0405C9FC132B5', 'T7C8098F674D84F73884A78F2', '1552024232', 'safe', null, null);
INSERT INTO "ATP"."ROLEAUTH" VALUES ('T83177D0EC61A4EEDBB16F0B6', 'T5079277345D0405C9FC132B5', 'TA0C8AFA05F1845DC8508E65B', '1552024232', 'safe', null, null);
INSERT INTO "ATP"."ROLEAUTH" VALUES ('T654479D6B4074EE48F34D0C9', 'T5079277345D0405C9FC132B5', 'T014A433E612C459BB9707E5D', '1552024232', 'safe', null, null);
INSERT INTO "ATP"."ROLEAUTH" VALUES ('TE56C54F383564D4287042ADC', 'T5079277345D0405C9FC132B5', 'T037E21FF0D954F62ADBBFA04', '1552024232', 'safe', null, null);
INSERT INTO "ATP"."ROLEAUTH" VALUES ('TA68D18CD777043CEB0B9026E', 'T5079277345D0405C9FC132B5', 'T0131627E892B45BB899E954B', '1552024232', 'safe', null, null);
INSERT INTO "ATP"."ROLEAUTH" VALUES ('T286D58ED9DB040F18CA5BE96', 'T7CDE3A78C46F4E9EA327DC96', 'TA0C8AFA05F1845DC8508E65B', '1556006564', 'safe', null, null);
INSERT INTO "ATP"."ROLEAUTH" VALUES ('T22080675E0644BEB96C3C04B', 'T7CDE3A78C46F4E9EA327DC96', 'T014A433E612C459BB9707E5D', '1556006564', 'safe', null, null);
INSERT INTO "ATP"."ROLEAUTH" VALUES ('TD9DDE8FE4E594D208B413F11', 'T7CDE3A78C46F4E9EA327DC96', 'TBC2EBD02E02E4E8CB5B887AF', '1556006564', 'safe', null, null);
INSERT INTO "ATP"."ROLEAUTH" VALUES ('T68F6BB46EBB345C1B3EFA5CE', 'T5079277345D0405C9FC132B5', 'T50358EA22CD449F9843BD8C4', '1552024232', 'safe', null, null);
INSERT INTO "ATP"."ROLEAUTH" VALUES ('T915892B4A926410EAC860376', 'T7CDE3A78C46F4E9EA327DC96', 'T037E21FF0D954F62ADBBFA04', '1556006564', 'safe', null, null);
INSERT INTO "ATP"."ROLEAUTH" VALUES ('TA4D161C528494D82A59E869E', 'T7CDE3A78C46F4E9EA327DC96', 'T0131627E892B45BB899E954B', '1556006564', 'safe', null, null);
INSERT INTO "ATP"."ROLEAUTH" VALUES ('TD9AB4840CB394CB48222F438', 'T7CDE3A78C46F4E9EA327DC96', 'T50358EA22CD449F9843BD8C4', '1556006564', 'safe', null, null);
INSERT INTO "ATP"."ROLEAUTH" VALUES ('TCBAEEF91C56542B8A5D01C49', 'T7CDE3A78C46F4E9EA327DC96', 'TC6CAC4F4408F4EF8BB38ACF8', '1556006564', 'safe', null, null);
INSERT INTO "ATP"."ROLEAUTH" VALUES ('T6E879E1D41B84F19A4FFE6C5', 'T7CDE3A78C46F4E9EA327DC96', 'TAB6BBD55C382442497AC9353', '1556006564', 'safe', null, null);
INSERT INTO "ATP"."ROLEAUTH" VALUES ('TEB1F605D34E6489A897AAB66', 'T7CDE3A78C46F4E9EA327DC96', 'T68B33A6E0EE84072A24C7845', '1556006564', 'safe', null, null);
INSERT INTO "ATP"."ROLEAUTH" VALUES ('T5A6A7F1ECCE1463F81B4443B', 'T7CDE3A78C46F4E9EA327DC96', 'T3982C09DA64B4C159E5FE023', '1556006564', 'safe', null, null);
INSERT INTO "ATP"."ROLEAUTH" VALUES ('TB03003B8F1B34FC9B63F51C2', 'T7CDE3A78C46F4E9EA327DC96', 'TDB04A27F2AB0466DA576F7E5', '1556006564', 'safe', null, null);
INSERT INTO "ATP"."ROLEAUTH" VALUES ('T2F514003055843CAB9DCA5B0', 'T7CDE3A78C46F4E9EA327DC96', '1', '1556006564', 'safe', null, null);
INSERT INTO "ATP"."ROLEAUTH" VALUES ('TAFB29F8688744900AA124DF3', 'T7CDE3A78C46F4E9EA327DC96', 'TD0A30A40646F4DA49071EB72', '1556006564', 'safe', null, null);
INSERT INTO "ATP"."ROLEAUTH" VALUES ('TD151CE41151943D7BC51E61E', 'T7CDE3A78C46F4E9EA327DC96', 'T0032D6CAF4F4495789011BDD', '1556006564', 'safe', null, null);
INSERT INTO "ATP"."ROLEAUTH" VALUES ('T864016551A8C4011A8DF13C2', 'T1B676CE41141406C85E6A4B5', 'T6F31EE5171764A1481F8F69E', '1552024331', 'safe', null, null);
INSERT INTO "ATP"."ROLEAUTH" VALUES ('T51B0D2FA6D364B90A4E86BEA', 'T1B676CE41141406C85E6A4B5', 'TFD9ADE96EC81438FB9C36468', '1552024331', 'safe', null, null);
INSERT INTO "ATP"."ROLEAUTH" VALUES ('T07D8E901FA5840EFA507F843', 'T1B676CE41141406C85E6A4B5', 'T4032B55471C143B996ABCF30', '1552024331', 'safe', null, null);
INSERT INTO "ATP"."ROLEAUTH" VALUES ('T40A12D4016AB4E9D8742DBC7', 'T1B676CE41141406C85E6A4B5', 'T47ED9EA42EFC4F899670E839', '1552024331', 'safe', null, null);
INSERT INTO "ATP"."ROLEAUTH" VALUES ('T77B1A967ED124A1E8C3D8DDE', 'T41DB99CD01564605AC063A78', 'TECBCA81526A74E90A05DBC36', '1552024322', 'safe', null, null);
INSERT INTO "ATP"."ROLEAUTH" VALUES ('TE125BB84677748DE9687BFD2', 'T41DB99CD01564605AC063A78', 'T6F31EE5171764A1481F8F69E', '1552024322', 'safe', null, null);
INSERT INTO "ATP"."ROLEAUTH" VALUES ('T0F78A45C6B24445D9AC3899A', 'T41DB99CD01564605AC063A78', 'T4032B55471C143B996ABCF30', '1552024322', 'safe', null, null);
INSERT INTO "ATP"."ROLEAUTH" VALUES ('TB85087A15D944A23AD061FE3', 'T41DB99CD01564605AC063A78', 'T47ED9EA42EFC4F899670E839', '1552024322', 'safe', null, null);
INSERT INTO "ATP"."ROLEAUTH" VALUES ('T4A2DDD1CE1104D1A8B776E9E', 'T41DB99CD01564605AC063A78', 'T7C8098F674D84F73884A78F2', '1552024322', 'safe', null, null);
INSERT INTO "ATP"."ROLEAUTH" VALUES ('TE1659EC71FCF4CDF8949BEA2', 'T41DB99CD01564605AC063A78', 'T014A433E612C459BB9707E5D', '1552024322', 'safe', null, null);
INSERT INTO "ATP"."ROLEAUTH" VALUES ('T96474E8210CE4E1183BA9462', 'T3243F9BFBAA84FC7B532669B', 'TECBCA81526A74E90A05DBC36', '1552024344', 'safe', null, null);
INSERT INTO "ATP"."ROLEAUTH" VALUES ('TF87A0D145362415CAD760182', 'T1B676CE41141406C85E6A4B5', 'T7C8098F674D84F73884A78F2', '1552024331', 'safe', null, null);
INSERT INTO "ATP"."ROLEAUTH" VALUES ('T9C1D6DDD03A84CB48238C433', 'T1B676CE41141406C85E6A4B5', 'T014A433E612C459BB9707E5D', '1552024331', 'safe', null, null);
INSERT INTO "ATP"."ROLEAUTH" VALUES ('T35427494F066484D82AFA583', 'T3243F9BFBAA84FC7B532669B', 'T6F31EE5171764A1481F8F69E', '1552024344', 'safe', null, null);
INSERT INTO "ATP"."ROLEAUTH" VALUES ('T3D3F7A6C2AB24173A3D0E035', 'T3243F9BFBAA84FC7B532669B', 'TFD9ADE96EC81438FB9C36468', '1552024344', 'safe', null, null);
INSERT INTO "ATP"."ROLEAUTH" VALUES ('TD78D8145A810423297F3F739', 'T3243F9BFBAA84FC7B532669B', 'T4032B55471C143B996ABCF30', '1552024344', 'safe', null, null);
INSERT INTO "ATP"."ROLEAUTH" VALUES ('T00C55C369D7E4D8EA5B7E070', 'T3243F9BFBAA84FC7B532669B', 'T47ED9EA42EFC4F899670E839', '1552024344', 'safe', null, null);
INSERT INTO "ATP"."ROLEAUTH" VALUES ('TB9AB006AE97D4BFBAF74C50F', 'T3243F9BFBAA84FC7B532669B', 'T7C8098F674D84F73884A78F2', '1552024344', 'safe', null, null);
INSERT INTO "ATP"."ROLEAUTH" VALUES ('TB7D00E2DD4C246FB83D16FE6', 'T3243F9BFBAA84FC7B532669B', 'T014A433E612C459BB9707E5D', '1552024344', 'safe', null, null);
INSERT INTO "ATP"."ROLEAUTH" VALUES ('T4C650A172F1540C2B7729B2F', 'T94AEC057423743E5AAD7B43A2', null, '1552024351', 'safe', null, null);
INSERT INTO "ATP"."ROLEAUTH" VALUES ('T904D1FBB8FE5423884A5087D', 'T94AEC057423743E5AAD7B43A2', null, '1552024366', 'safe', null, null);


-- ----------------------------
-- Table structure for SYSCONFIG
-- ----------------------------
DROP TABLE "ATP"."SYSCONFIG";
CREATE TABLE "ATP"."SYSCONFIG" (
"SC_ID" VARCHAR2(100 BYTE) NOT NULL ,
"SC_ITEMNAME" VARCHAR2(200 BYTE) NULL ,
"SC_ITEMVALUE" VARCHAR2(100 BYTE) NULL ,
"SC_ITEMCODE" VARCHAR2(200 BYTE) NULL ,
"SC_ITEMTYPE" VARCHAR2(100 BYTE) NULL ,
"SC_ITEMCLASS" VARCHAR2(100 BYTE) NULL 
)
NOLOGGING
NOCOMPRESS
NOCACHE

;
COMMENT ON COLUMN "ATP"."SYSCONFIG"."SC_ITEMNAME" IS '配置项名称';
COMMENT ON COLUMN "ATP"."SYSCONFIG"."SC_ITEMVALUE" IS '配置项值';
COMMENT ON COLUMN "ATP"."SYSCONFIG"."SC_ITEMCODE" IS '配置项编码';
COMMENT ON COLUMN "ATP"."SYSCONFIG"."SC_ITEMTYPE" IS '配置项类型（0是开关类型;1是文本类型）';
COMMENT ON COLUMN "ATP"."SYSCONFIG"."SC_ITEMCLASS" IS '配置项分类';

-- ----------------------------
-- Records of SYSCONFIG
-- ----------------------------
INSERT INTO "ATP"."SYSCONFIG" VALUES ('10', '网站footer', '&copy;2019 五院信息中心', 'SEC_FOTTER', null, '系统配置');
INSERT INTO "ATP"."SYSCONFIG" VALUES ('11', '网站header', 'ATP平台', 'SEC_HEADER', null, '系统配置');
INSERT INTO "ATP"."SYSCONFIG" VALUES ('12', '网站header背景图', 'img/bgimg/header.png', 'SEC_HEADER_BACK', null, '系统配置');
INSERT INTO "ATP"."SYSCONFIG" VALUES ('13', '网站footer背景图', 'img/bgimg/header.png', 'SEC_FOOTER_BACK', null, '系统配置');
INSERT INTO "ATP"."SYSCONFIG" VALUES ('15', '背景图', 'img/bgimg/bg3.png', 'SYS_BGIMG', null, '系统配置');
INSERT INTO "ATP"."SYSCONFIG" VALUES ('9', '系统是否涉密', '0', 'SEC_ISSECRET', null, '系统配置');
INSERT INTO "ATP"."SYSCONFIG" VALUES ('1', '密码复杂度检测', '0', 'SEC_PWDCHECK', '0', '保密配置');
INSERT INTO "ATP"."SYSCONFIG" VALUES ('2', '超时登录（时间）', '600', 'SEC_LOGINTIMEOUTTIME', '1', '保密配置');
INSERT INTO "ATP"."SYSCONFIG" VALUES ('3', '七天修改密码', '0', 'SEC_CHANGEPWD', '0', '保密配置');
INSERT INTO "ATP"."SYSCONFIG" VALUES ('4', '超时登录（检测）', '0', 'SEC_LOGINTIMEOUTCHECK', '0', '保密配置');
INSERT INTO "ATP"."SYSCONFIG" VALUES ('5', '系统LOGO', 'img/logo.png', 'SYS_LOGO', null, '系统配置');
INSERT INTO "ATP"."SYSCONFIG" VALUES ('6', '系统名称', 'ATP平台', 'SYS_NAME', null, '系统配置');
INSERT INTO "ATP"."SYSCONFIG" VALUES ('8', '安全管理员被锁定时长', '1800', 'SEC_LOCKTIME', null, '保密配置');

-- ----------------------------
-- Table structure for SYSROLE
-- ----------------------------
DROP TABLE "ATP"."SYSROLE";
CREATE TABLE "ATP"."SYSROLE" (
"ROLE_ID" VARCHAR2(100 BYTE) NOT NULL ,
"ROLE_NAME" VARCHAR2(100 BYTE) NOT NULL ,
"ROLE_CREATETIME" VARCHAR2(100 BYTE) NULL ,
"ROLE_CREATEUSER" VARCHAR2(100 BYTE) NULL ,
"ROLE_LASTMODIFYTIME" VARCHAR2(100 BYTE) NULL ,
"ROLE_LASTMODIFYUSER" VARCHAR2(100 BYTE) NULL ,
"ROLE_ISDEFAULT" VARCHAR2(100 BYTE) DEFAULT '否'  NULL ,
"ROLE_SORT" NUMBER DEFAULT 0  NULL 
)
NOLOGGING
NOCOMPRESS
NOCACHE

;
COMMENT ON TABLE "ATP"."SYSROLE" IS '系统角色';
COMMENT ON COLUMN "ATP"."SYSROLE"."ROLE_ID" IS '主键';
COMMENT ON COLUMN "ATP"."SYSROLE"."ROLE_NAME" IS '角色名称';
COMMENT ON COLUMN "ATP"."SYSROLE"."ROLE_ISDEFAULT" IS '是否缺省';
COMMENT ON COLUMN "ATP"."SYSROLE"."ROLE_SORT" IS '排序号';

-- ----------------------------
-- Records of SYSROLE
-- ----------------------------
INSERT INTO "ATP"."SYSROLE" VALUES ('2', '审计管理员', null, null, null, null, '否', '1');
INSERT INTO "ATP"."SYSROLE" VALUES ('3', '安全管理员', null, null, null, null, '否', '2');
INSERT INTO "ATP"."SYSROLE" VALUES ('1', '系统管理员', null, null, null, null, '否', '3');
INSERT INTO "ATP"."SYSROLE" VALUES ('4', '系统配置管理员', '1525394668', 'system', null, null, '是', '4');
INSERT INTO "ATP"."SYSROLE" VALUES ('T94AEC057423743E5AAD7B43A2', '普通用户', '1548661018', 'system', '1551925400', 'system', '否', '100');
INSERT INTO "ATP"."SYSROLE" VALUES ('T886B426D95924386A24DA736', '院领导', '1551234403', 'system', '1551925347', 'system', '否', '1');
INSERT INTO "ATP"."SYSROLE" VALUES ('T061AB8E3062D48849070093E', '科研部部领导', '1551234408', 'system', '1551925355', 'system', '否', '2');
INSERT INTO "ATP"."SYSROLE" VALUES ('T5079277345D0405C9FC132B5', '科研部处室领导', '1551234414', 'system', '1551925359', 'system', '否', '3');
INSERT INTO "ATP"."SYSROLE" VALUES ('T2233AA12393D480B9A1AF13B', '科研部处室管理员', '1551234419', 'system', '1551925364', 'system', '否', '4');
INSERT INTO "ATP"."SYSROLE" VALUES ('T7CDE3A78C46F4E9EA327DC96', '科研部综合处', '1551234424', 'system', '1551925369', 'system', '否', '5');
INSERT INTO "ATP"."SYSROLE" VALUES ('TC81AC672E18B463B9CC6FF63', '科研部质量管理员', '1551234428', 'system', '1551925373', 'system', '否', '6');
INSERT INTO "ATP"."SYSROLE" VALUES ('T0F0CDEF8D7394B118C10DFED', '科研部员工', '1551234433', 'system', '1551925379', 'system', '否', '7');
INSERT INTO "ATP"."SYSROLE" VALUES ('T1B676CE41141406C85E6A4B5', '各单位责任人', '1551234438', 'system', '1551925386', 'system', '否', '8');
INSERT INTO "ATP"."SYSROLE" VALUES ('T41DB99CD01564605AC063A78', '各型号责任人', '1551234442', 'system', '1551925390', 'system', '否', '9');
INSERT INTO "ATP"."SYSROLE" VALUES ('T3243F9BFBAA84FC7B532669B', '各单位科技处管理人员', '1551234447', 'system', '1551925396', 'system', '否', '10');

-- ----------------------------
-- Table structure for SYSUSER
-- ----------------------------
DROP TABLE "ATP"."SYSUSER";
CREATE TABLE "ATP"."SYSUSER" (
"USER_ID" VARCHAR2(100 BYTE) NOT NULL ,
"USER_REALUSERNAME" VARCHAR2(100 BYTE) NULL ,
"USER_NAME" VARCHAR2(100 BYTE) NULL ,
"USER_PASSWORD" VARCHAR2(100 BYTE) NULL ,
"USER_ROLE" VARCHAR2(100 BYTE) NULL ,
"USER_SECRETLEVEL" VARCHAR2(100 BYTE) NULL ,
"USER_ORGID" VARCHAR2(100 BYTE) NULL ,
"USER_ENABLE" VARCHAR2(100 BYTE) NULL ,
"USER_ISSYSTEM" VARCHAR2(100 BYTE) DEFAULT '否'  NULL ,
"USER_SECRETLEVELCODE" VARCHAR2(100 BYTE) NULL ,
"USER_FIRSTUSE" VARCHAR2(100 BYTE) NULL ,
"USER_PASSWORDLASTMODIFYTIME" VARCHAR2(100 BYTE) NULL ,
"USER_PASSWORDERRORNUM" VARCHAR2(100 BYTE) NULL ,
"USER_PASSWORDERRORTIME" VARCHAR2(100 BYTE) NULL ,
"USER_CREATETIME" VARCHAR2(100 BYTE) NULL ,
"USER_CREATEUSER" VARCHAR2(100 BYTE) NULL ,
"USER_LASTMODIFYTIME" VARCHAR2(100 BYTE) NULL ,
"USER_LASTMODIFYUSER" VARCHAR2(100 BYTE) NULL ,
"USER_FROZENTIME" NUMBER DEFAULT 0  NULL ,
"USER_ISDELETE" VARCHAR2(100 BYTE) DEFAULT 0  NULL ,
"USER_SID" VARCHAR2(100 BYTE) NULL ,
"USER_IP" VARCHAR2(500 BYTE) NULL ,
"USER_SORT" NUMBER DEFAULT 0  NULL 
)
NOLOGGING
NOCOMPRESS
NOCACHE

;
COMMENT ON TABLE "ATP"."SYSUSER" IS '用户表';
COMMENT ON COLUMN "ATP"."SYSUSER"."USER_ID" IS '主键';
COMMENT ON COLUMN "ATP"."SYSUSER"."USER_REALUSERNAME" IS '真实姓名';
COMMENT ON COLUMN "ATP"."SYSUSER"."USER_NAME" IS '用户名';
COMMENT ON COLUMN "ATP"."SYSUSER"."USER_PASSWORD" IS '密码';
COMMENT ON COLUMN "ATP"."SYSUSER"."USER_ROLE" IS '用户角色';
COMMENT ON COLUMN "ATP"."SYSUSER"."USER_SECRETLEVEL" IS '用户密级';
COMMENT ON COLUMN "ATP"."SYSUSER"."USER_ORGID" IS '所在部门';
COMMENT ON COLUMN "ATP"."SYSUSER"."USER_ENABLE" IS '是否有效';
COMMENT ON COLUMN "ATP"."SYSUSER"."USER_ISSYSTEM" IS '是否三元';
COMMENT ON COLUMN "ATP"."SYSUSER"."USER_SECRETLEVELCODE" IS '密级编码,base64';
COMMENT ON COLUMN "ATP"."SYSUSER"."USER_FIRSTUSE" IS '是否首次登录';
COMMENT ON COLUMN "ATP"."SYSUSER"."USER_PASSWORDLASTMODIFYTIME" IS '密码上次修改时间';
COMMENT ON COLUMN "ATP"."SYSUSER"."USER_PASSWORDERRORNUM" IS '密码错误次数';
COMMENT ON COLUMN "ATP"."SYSUSER"."USER_PASSWORDERRORTIME" IS '密码错误时间';
COMMENT ON COLUMN "ATP"."SYSUSER"."USER_FROZENTIME" IS '上次冻结时间';
COMMENT ON COLUMN "ATP"."SYSUSER"."USER_ISDELETE" IS '是否删除';
COMMENT ON COLUMN "ATP"."SYSUSER"."USER_SID" IS '主数据id';
COMMENT ON COLUMN "ATP"."SYSUSER"."USER_SORT" IS '排序号';

-- ----------------------------
-- Records of SYSUSER
-- ----------------------------
INSERT INTO "ATP"."SYSUSER" VALUES ('T3BE6831644F94F8891ADD258', '杨晨', 'hq\yangchen', 'dbf305eb34e0cf3b03ae1d9f794051bf', null, '3', 'T633531D3E0DD4F9BA9EA0630', '启用', '否', '12991b737f40eba5d87a73ac4f2e2079', null, null, '0', null, '1551331350', 'system', '1551922360', 'system', '0', '0', '4E8CBC5AAB8020C6E054D4C9EF06663E', null, '1');
INSERT INTO "ATP"."SYSUSER" VALUES ('TE38E9D2E573648CDABE83048', '赫荣伟', 'hq\herongwei', 'dbf305eb34e0cf3b03ae1d9f794051bf', null, '3', 'T633531D3E0DD4F9BA9EA0630', '启用', '否', '474b0b5a4485229c2e0170045fa9ea0f', null, null, '0', '1556414016', '1551331350', 'system', '1551754124', 'system', '0', '0', '391143118A522D2CE054D4C9EF06663E', null, '2');
INSERT INTO "ATP"."SYSUSER" VALUES ('T13CE872D813F4EDD97CE59CB', '文毅', 'hq\wenyi1', 'dbf305eb34e0cf3b03ae1d9f794051bf', null, '3', 'T633531D3E0DD4F9BA9EA0630', '启用', '否', '25106a3add6629f51c9c1d082511e0e7', null, null, null, null, '1551331350', 'system', '1551754124', 'system', '0', '0', '39114311A8612D2CE054D4C9EF06663E', null, '3');
INSERT INTO "ATP"."SYSUSER" VALUES ('TC99F6E7A877646AB9B9C6AB6', '赵晨露', 'hq\zhaochenlu', 'dbf305eb34e0cf3b03ae1d9f794051bf', null, '3', 'TD7FE55E97C7D4BFFA5CB1488', '启用', '否', '422bbb2645d0f0e91b7d753e4e0647ab', null, null, '0', null, '1551331350', 'system', '1551754124', 'system', '0', '0', '3911431182A02D2CE054D4C9EF06663E', null, '4');
INSERT INTO "ATP"."SYSUSER" VALUES ('TB0BC40FCE1E64070AEC8307C', '朱迪', 'hq\zhudi', 'dbf305eb34e0cf3b03ae1d9f794051bf', null, '3', 'TD7FE55E97C7D4BFFA5CB1488', '启用', '否', '719de603e8c7b3df0bfdd4f23daaba8d', null, null, '0', null, '1551331350', 'system', '1551754124', 'system', '0', '0', '391143118AA72D2CE054D4C9EF06663E', null, '5');
INSERT INTO "ATP"."SYSUSER" VALUES ('T246787AB2CD34ECDA3988BA1', '马卫东', 'hq\maweidong', 'dbf305eb34e0cf3b03ae1d9f794051bf', null, '3', 'TD7FE55E97C7D4BFFA5CB1488', '启用', '否', 'e0e62f0c818bba38e3567f5a0171588b', null, null, null, null, '1551331350', 'system', '1551754124', 'system', '0', '0', '3911431187DF2D2CE054D4C9EF06663E', null, '6');
INSERT INTO "ATP"."SYSUSER" VALUES ('TA745D48E9CEB48BCB59DA022', '李睿', 'hq\lirui', 'dbf305eb34e0cf3b03ae1d9f794051bf', null, '3', 'TD7FE55E97C7D4BFFA5CB1488', '启用', '否', '081d135c5a7ebf22e0fa8bee4bbcf49e', null, null, null, null, '1551331350', 'system', '1551754124', 'system', '0', '0', '3911431184212D2CE054D4C9EF06663E', null, '7');
INSERT INTO "ATP"."SYSUSER" VALUES ('TBC92F8179EBA4B2AB0B8057F', '赵林', 'hq\zhaolin1', 'dbf305eb34e0cf3b03ae1d9f794051bf', null, '3', 'TC8D11942CCC7485D912BC9B4', '启用', '否', '4a49bf37e88b35a4df7850a8d9b5d787', null, null, '0', null, '1551331350', 'system', '1551754124', 'system', '0', '0', '697FC6C33C023130E054D4C9EF0668A2', null, '8');
INSERT INTO "ATP"."SYSUSER" VALUES ('T2D597A7DF23646709D370145', '李沂乘', 'hq\liyicheng', 'dbf305eb34e0cf3b03ae1d9f794051bf', null, '3', 'TC8D11942CCC7485D912BC9B4', '启用', '否', '9186283a630ce54691c5be25d52a235b', null, null, null, null, '1551331350', 'system', '1551754124', 'system', '0', '0', '5A2D1EA967804CE2E054D4C9EF06663E', null, '9');
INSERT INTO "ATP"."SYSUSER" VALUES ('T43069726BFEE4BCE83B6D9B2', '李航', 'hq\lihang', 'dbf305eb34e0cf3b03ae1d9f794051bf', null, '3', 'TC8D11942CCC7485D912BC9B4', '启用', '否', '8f2a98aec5055fdc937d7eb9e6cbab65', null, null, null, null, '1551331350', 'system', '1551754124', 'system', '0', '0', '491FC1099DC1573FE054D4C9EF0668A2', null, '10');
INSERT INTO "ATP"."SYSUSER" VALUES ('TD177CA59DD58446D98D4B49B', '张晖', 'hq\zhanghui', 'dbf305eb34e0cf3b03ae1d9f794051bf', null, '3', 'TC8D11942CCC7485D912BC9B4', '启用', '否', 'fe45d989bceb42eda28014780749b1e6', null, null, '0', null, '1551331350', 'system', '1551754124', 'system', '0', '0', '3911431183102D2CE054D4C9EF06663E', null, '11');
INSERT INTO "ATP"."SYSUSER" VALUES ('TD2DEE018820D48B4AB791E76', '伊文思', 'hq\yiwensi', 'dbf305eb34e0cf3b03ae1d9f794051bf', null, '3', 'TC8D11942CCC7485D912BC9B4', '启用', '否', 'e53f46aedfb2487dbd54ec79858c8e68', null, null, '0', null, '1551331350', 'system', '1551754124', 'system', '0', '0', '391143118FF32D2CE054D4C9EF06663E', null, '12');
INSERT INTO "ATP"."SYSUSER" VALUES ('T73CAB782CACC4653BC375780', '牛庆锋', 'hq\niuqingfeng', 'dbf305eb34e0cf3b03ae1d9f794051bf', null, '3', 'TC8D11942CCC7485D912BC9B4', '启用', '否', 'acce52264c0adf4c62d0bfa586fc6f2a', null, null, null, null, '1551331350', 'system', '1551754124', 'system', '0', '0', '3911431186D92D2CE054D4C9EF06663E', null, '13');
INSERT INTO "ATP"."SYSUSER" VALUES ('TE3A8039D1EB14A2F853073B7', '赵毅', 'hq\tzhaoyi', 'dbf305eb34e0cf3b03ae1d9f794051bf', null, '3', 'T46576421175A463FAA7A664D', '启用', '否', '99f7d0022d8a583a535e09996d4d5cdb', null, null, null, null, '1551331350', 'system', '1551754124', 'system', '0', '0', '6D46544CA2451AFEE054D4C9EF06663E', null, '14');
INSERT INTO "ATP"."SYSUSER" VALUES ('T5F3BA4E55465453982548F03', '马楠', 'hq\manan3', 'dbf305eb34e0cf3b03ae1d9f794051bf', null, '3', 'T46576421175A463FAA7A664D', '启用', '否', 'fcb973f693e1e29bf23e428b240b3a79', null, null, null, null, '1551331350', 'system', '1551754124', 'system', '0', '0', '3911431182D52D2CE054D4C9EF06663E', null, '15');
INSERT INTO "ATP"."SYSUSER" VALUES ('TE2A9D1FADD62492991455DCA', '胡智新', 'hq\huzhixin', 'dbf305eb34e0cf3b03ae1d9f794051bf', null, '3', 'T46576421175A463FAA7A664D', '启用', '否', '1ebaebdb60ddb27d153e24eec54af87f', null, null, null, null, '1551331350', 'system', '1551754124', 'system', '0', '0', '3911431184132D2CE054D4C9EF06663E', null, '16');
INSERT INTO "ATP"."SYSUSER" VALUES ('T65EFF2B29A5B4CD18182B862', '陈涛', 'hq\chentao', 'dbf305eb34e0cf3b03ae1d9f794051bf', null, '3', 'T46576421175A463FAA7A664D', '启用', '否', '83033270b6ec38184a0b0fd2db5c46f8', null, null, null, null, '1551331350', 'system', '1551754124', 'system', '0', '0', '3911431184EC2D2CE054D4C9EF06663E', null, '17');
INSERT INTO "ATP"."SYSUSER" VALUES ('T4AE2D9F1724C46B490DCF562', '梁波', 'hq\liangbo', 'dbf305eb34e0cf3b03ae1d9f794051bf', null, '3', 'T46576421175A463FAA7A664D', '启用', '否', 'c4ed142fde7588883b5d2c8eedf3dd73', null, null, null, null, '1551331350', 'system', '1551754124', 'system', '0', '0', '3911431185A92D2CE054D4C9EF06663E', null, '18');
INSERT INTO "ATP"."SYSUSER" VALUES ('TF0345FCDA57543F1982DC1A3', '霍光', 'hq\huoguang', 'dbf305eb34e0cf3b03ae1d9f794051bf', null, '3', 'T46576421175A463FAA7A664D', '启用', '否', 'c5787ba0d1ce1b48ea5267076e880e42', null, null, '0', null, '1551331350', 'system', '1551754124', 'system', '0', '0', '3911431184872D2CE054D4C9EF06663E', null, '19');
INSERT INTO "ATP"."SYSUSER" VALUES ('TA93A301112AD40C6A79E3677', '连宇', 'hq\lianyu', 'dbf305eb34e0cf3b03ae1d9f794051bf', null, '3', 'TBB26954FE625427EAF06C6E4', '启用', '否', '1b6717e02162b03effff9d1fe1a65621', null, null, '0', null, '1551331350', 'system', '1551754124', 'system', '0', '0', '554EC56390C04249E054D4C9EF06663E', null, '20');
INSERT INTO "ATP"."SYSUSER" VALUES ('TE9265E7112F94A9A9898FD10', '武健', 'hq\wujian', 'dbf305eb34e0cf3b03ae1d9f794051bf', null, '2', 'TBB26954FE625427EAF06C6E4', '启用', '否', 'a2b625d925796b116d49522df0cef50d', null, null, '0', '1557716992', '1551331350', 'system', '1551754124', 'system', '0', '0', '3911431185E82D2CE054D4C9EF06663E', null, '21');
INSERT INTO "ATP"."SYSUSER" VALUES ('TF9388E75E1E84DD1A85391A6', '李琦', 'hq\liqi1', 'dbf305eb34e0cf3b03ae1d9f794051bf', null, '3', 'TBB26954FE625427EAF06C6E4', '启用', '否', '535d89870b68e703a08feae4ae2c647b', null, null, '0', null, '1551331350', 'system', '1551754124', 'system', '0', '0', '3911431187FA2D2CE054D4C9EF06663E', null, '22');
INSERT INTO "ATP"."SYSUSER" VALUES ('TBB1BED24E7574CE0BDA62E5E', '王烁', 'hq\wangshuo', 'dbf305eb34e0cf3b03ae1d9f794051bf', null, '3', 'T0F383FF2C8FB4132A78B4446', '启用', '否', 'f41868930f44439aab558f553f2f3634', null, null, '0', null, '1551331350', 'system', '1551754124', 'system', '0', '0', '6A49E2D01D806773E054D4C9EF0668A2', null, '23');
INSERT INTO "ATP"."SYSUSER" VALUES ('TA75DB314064D48D4A7F43016', '周志成', 'hq\zhouzhicheng', 'dbf305eb34e0cf3b03ae1d9f794051bf', null, '3', 'TE898A6E8766F4462B9A871EE', '启用', '否', 'd36ab909b24e769b1edc91f9e27e061f', null, null, null, null, '1551331350', 'system', '1551754124', 'system', '0', '0', '696BB2477D414831E054D4C9EF0668A2', null, '21');
INSERT INTO "ATP"."SYSUSER" VALUES ('T19835932C4914F3D9085C486', '王献雨', 'hq\wangxianyu', 'dbf305eb34e0cf3b03ae1d9f794051bf', null, '3', 'TE898A6E8766F4462B9A871EE', '启用', '否', '919d1949d6294bc72fc7ab6f372a692a', null, null, '0', null, '1551331350', 'system', '1551754124', 'system', '0', '0', '716865805540342BE054D4C9EF0668A2', null, '11');
INSERT INTO "ATP"."SYSUSER" VALUES ('T967E92F81F81480DB37F486D', '王冀莲', 'hq\wangjilian', 'dbf305eb34e0cf3b03ae1d9f794051bf', null, '3', 'TE898A6E8766F4462B9A871EE', '启用', '否', '3f4b3d8c605a8211a1afa5b69009bfa4', null, null, null, null, '1551331350', 'system', '1551754124', 'system', '0', '0', '6012C8E9DA012DCFE054D4C9EF0668A2', null, '20');
INSERT INTO "ATP"."SYSUSER" VALUES ('TDE90C8F70B4A484F889F4E2C', '胡苇', 'hq\huwei1', 'dbf305eb34e0cf3b03ae1d9f794051bf', null, '3', 'TE898A6E8766F4462B9A871EE', '启用', '否', 'a80ded65bf073dd8eae71e661b439360', null, null, null, null, '1551331350', 'system', '1551754124', 'system', '0', '0', '7D76630D92415593E054D4C9EF0668A2', null, '10');
INSERT INTO "ATP"."SYSUSER" VALUES ('T643A0C9D1F0A46308E0E8489', '葛玉君', 'hq\tgeyujun', 'dbf305eb34e0cf3b03ae1d9f794051bf', null, '3', 'TE898A6E8766F4462B9A871EE', '启用', '否', 'f1da86689d68903bc777905b1e9d9192', null, null, null, null, '1551331350', 'system', '1551754124', 'system', '0', '0', '9DDE85252C1445C985EA74E8D7FC67F4', null, '19');
INSERT INTO "ATP"."SYSUSER" VALUES ('T793CDDBA2A03470394987889', '张笃周', 'hq\zhangduzhou', 'dbf305eb34e0cf3b03ae1d9f794051bf', null, '4', 'TE898A6E8766F4462B9A871EE', '启用', '否', '4c88377d9b9b97597e1c6f6b58dbe532', null, null, null, null, '1551331350', 'system', '1551754124', 'system', '0', '0', '39114311BEA52D2CE054D4C9EF06663E', null, '6');
INSERT INTO "ATP"."SYSUSER" VALUES ('T05D13A24392A4954A79562D2', '陈泓', 'hq\chenhong', 'dbf305eb34e0cf3b03ae1d9f794051bf', null, '4', 'TE898A6E8766F4462B9A871EE', '启用', '否', 'a0a36e7ff9c1ab3bb2906d6587f71132', null, null, null, null, '1551331350', 'system', '1551754124', 'system', '0', '0', '391143118A6F2D2CE054D4C9EF06663E', null, '18');
INSERT INTO "ATP"."SYSUSER" VALUES ('T76ADC8541D654EC0B9DFB85F', '史俊杰', 'hq\shijunjie', 'dbf305eb34e0cf3b03ae1d9f794051bf', null, '2', 'TE898A6E8766F4462B9A871EE', '启用', '否', '41908f86339ca5f7579b5ba96e6f88ed', null, null, null, null, '1551331350', 'system', '1551754124', 'system', '0', '0', '3911431186B02D2CE054D4C9EF06663E', null, '32');
INSERT INTO "ATP"."SYSUSER" VALUES ('T559310C9D88C4040B07E151A', '余后满', 'hq\yuhouman', 'dbf305eb34e0cf3b03ae1d9f794051bf', null, '4', 'TE898A6E8766F4462B9A871EE', '启用', '否', 'c767de4c69cd1226ed98cf0392f3d590', null, null, null, null, '1551331350', 'system', '1551754124', 'system', '0', '0', '3911431187092D2CE054D4C9EF06663E', null, '3');
INSERT INTO "ATP"."SYSUSER" VALUES ('T9EE7BF0FE76C471DB458EC7D', '岳涛', 'hq\yuetao', 'dbf305eb34e0cf3b03ae1d9f794051bf', null, '3', 'TE898A6E8766F4462B9A871EE', '启用', '否', 'd2ced32c10060fb64ca3fd227086c63c', null, null, null, null, '1551331350', 'system', '1551754124', 'system', '0', '0', '39114311BFF92D2CE054D4C9EF06663E', null, '9');
INSERT INTO "ATP"."SYSUSER" VALUES ('4', '系统配置管理员', 'admin', '238b99d4e342a62dec529e3c808d98dd', '4', '1', null, '启用', '是', 'ed4ebfcae80aca851401d8f1f92b4c05', '否', null, '0', '1557477065', null, null, '1529991385', '4', '0', '0', null, null, '35');
INSERT INTO "ATP"."SYSUSER" VALUES ('audit', '审计管理员', 'auditadmin', '238b99d4e342a62dec529e3c808d98dd', '2', '1', null, '启用', '是', 'bdce07ab377fc0292f1be33853614470', '否', null, '0', '1526548169', null, null, '1526548202', 'audit', '1525913729', '0', null, null, '36');
INSERT INTO "ATP"."SYSUSER" VALUES ('safe', '安全管理员', 'secadmin', '238b99d4e342a62dec529e3c808d98dd', '3', '1', null, '启用', '是', '09bb1170090793c791fa7328dde54b4d', '否', null, '0', '1555463585', null, null, '1528110584', 'safe', '0', '0', null, null, '37');
INSERT INTO "ATP"."SYSUSER" VALUES ('system', '系统管理员', 'sysadmin', '238b99d4e342a62dec529e3c808d98dd', '1', '1', null, '启用', '是', '4565175192c5b37427ec827559bc93db', '否', null, '0', '1551755047', null, null, '1529977417', 'system', '1527044651', '0', null, null, '38');
INSERT INTO "ATP"."SYSUSER" VALUES ('system2', '系统管理员', 'sysadmin2', '238b99d4e342a62dec529e3c808d98dd', '1', '1', null, '启用', '是', '963c2995e45dbed1b47fb89779011aa4', null, null, '2', '1525336048', null, null, '1524549863', 'system2', '0', '0', null, null, '39');
INSERT INTO "ATP"."SYSUSER" VALUES ('safe2', '安全管理员', 'secadmin2', '238b99d4e342a62dec529e3c808d98dd', '2', '1', null, '启用', '是', '09c5d265a5e2690c498a38811a95fb48', '否', null, '0', '1532500223', null, null, '1529991446', 'safe2', '0', '0', null, null, '40');
INSERT INTO "ATP"."SYSUSER" VALUES ('audit2', '审计管理员', 'auditadmin2', '238b99d4e342a62dec529e3c808d98dd', '3', '1', null, '启用', '是', '7725c7e217452f2c50c8ed39eb7f7d56', null, null, '0', '1525913763', null, null, '1525913868', 'safe', '1525913763', '0', null, null, '41');
INSERT INTO "ATP"."SYSUSER" VALUES ('TF4C64E41E2C14334AC8D6FC7', '赵小津', 'hq\zhaoxiaojin', 'dbf305eb34e0cf3b03ae1d9f794051bf', null, '3', 'TE898A6E8766F4462B9A871EE', '启用', '否', '1a3817ffde1950897619eaea0282cf58', null, null, null, null, '1551331350', 'system', '1551925474', 'system', '0', '0', '39114311C0D82D2CE054D4C9EF06663E', null, '2');
INSERT INTO "ATP"."SYSUSER" VALUES ('TD7B2CEC0C8174F1481E26F16', '李大明', 'hq\lidaming', 'dbf305eb34e0cf3b03ae1d9f794051bf', null, '3', 'T89321E94367F4BE880563815', '启用', '否', '782176cebfe3b837abbd4c629fdb0839', null, null, '0', null, '1551751737', 'system', '1551754124', 'system', '0', '0', '39114311823C2D2CE054D4C9EF06663E', null, '100');
INSERT INTO "ATP"."SYSUSER" VALUES ('T107A0EA330EC46978AC6CC26', '刘元', 'hq\tliuyuan', 'dbf305eb34e0cf3b03ae1d9f794051bf', null, '3', 'TC8D11942CCC7485D912BC9B4', '启用', '否', '7662bd0aaa90e4f215db20c2cdf23573', null, null, null, null, '1551331350', 'system', '1551754124', 'system', '0', '0', '6FCA18A385C22BEBE054D4C9EF0668A2', null, '44');
INSERT INTO "ATP"."SYSUSER" VALUES ('TBA311C5100D645F8B1179AA8', '王轲', 'hq\twangke', 'dbf305eb34e0cf3b03ae1d9f794051bf', null, '3', 'T46576421175A463FAA7A664D', '启用', '否', 'e5b220e0bb9cc1ffeb9b803a4c943f98', null, null, null, null, '1551331350', 'system', '1551754124', 'system', '0', '0', '968E4AD85DE147CE84FAABAA56B310B6', null, '45');
INSERT INTO "ATP"."SYSUSER" VALUES ('TB8926A32950A4FC688C7B05A', '唐为明', 'hq\tangweiming', 'dbf305eb34e0cf3b03ae1d9f794051bf', null, '3', 'T0F383FF2C8FB4132A78B4446', '启用', '否', 'f067fe6df1a17b06a44b342833756bc1', null, null, null, null, '1551331350', 'system', '1551754124', 'system', '0', '0', '391143118E6E2D2CE054D4C9EF06663E', null, '46');
INSERT INTO "ATP"."SYSUSER" VALUES ('TB7D5094A76E34295AEC04338', '赵大鹏', 'hq\zhaodapeng', 'dbf305eb34e0cf3b03ae1d9f794051bf', null, '3', 'TE898A6E8766F4462B9A871EE', '启用', '否', '1f4770d5135aef2208da1d6e20dd1b8d', null, null, null, null, '1551331350', 'system', '1551754124', 'system', '0', '0', '39114311839D2D2CE054D4C9EF06663E', null, '16');
INSERT INTO "ATP"."SYSUSER" VALUES ('T684755721D54426EAFAE1282', '林益明', 'hq\linyiming', 'dbf305eb34e0cf3b03ae1d9f794051bf', null, '4', 'TE898A6E8766F4462B9A871EE', '启用', '否', 'bd2c93387f41c909b2cfc254266e8da9', null, null, null, null, '1551331350', 'system', '1551754124', 'system', '0', '0', '3911431183AF2D2CE054D4C9EF06663E', null, '8');
INSERT INTO "ATP"."SYSUSER" VALUES ('T1FDF1A20B6E74732938A463D', '刘方', 'hq\liufang', 'dbf305eb34e0cf3b03ae1d9f794051bf', null, '2', 'TE898A6E8766F4462B9A871EE', '启用', '否', '087ac8cc5d15d0f92cddabeccb73c299', null, null, null, null, '1551331350', 'system', '1551754124', 'system', '0', '0', '3911431187C72D2CE054D4C9EF06663E', null, '12');
INSERT INTO "ATP"."SYSUSER" VALUES ('T896947B3A7244E2DBB4D6173', '史平彦', 'hq\shipingyan', 'dbf305eb34e0cf3b03ae1d9f794051bf', null, '4', 'TE898A6E8766F4462B9A871EE', '启用', '否', '8f6f533069c93bd78c4564a9c20c26c6', null, null, null, null, '1551331350', 'system', '1551754124', 'system', '0', '0', '39114311C1032D2CE054D4C9EF06663E', null, '7');
INSERT INTO "ATP"."SYSUSER" VALUES ('T4070BDB65A1B43C795E1F3FC', '张洪太', 'hq\zhanghongtai', 'dbf305eb34e0cf3b03ae1d9f794051bf', null, '4', 'TE898A6E8766F4462B9A871EE', '启用', '否', '956caeb16315b624aef8c27e6596383b', null, null, null, null, '1551331350', 'system', '1551925462', 'system', '0', '0', '391143118EA52D2CE054D4C9EF06663E', null, '1');
INSERT INTO "ATP"."SYSUSER" VALUES ('TBED8D803D0EE4A1AA4513F26', '胡毅', 'hq\huyi', 'dbf305eb34e0cf3b03ae1d9f794051bf', null, '3', 'TE898A6E8766F4462B9A871EE', '启用', '否', 'b5bddb79342deb5fa356082df32a3fd7', null, null, null, null, '1551331350', 'system', '1551754124', 'system', '0', '0', '391143118C1A2D2CE054D4C9EF06663E', null, '15');
INSERT INTO "ATP"."SYSUSER" VALUES ('T006A66E7EA644DF996A460C4', '杨孟飞', 'hq\yangmengfei', 'dbf305eb34e0cf3b03ae1d9f794051bf', null, '3', 'TE898A6E8766F4462B9A871EE', '启用', '否', '2002ee06c944b7871847952b207ed0af', null, null, null, null, '1551331350', 'system', '1551754124', 'system', '0', '0', '3911431187122D2CE054D4C9EF06663E', null, '13');
INSERT INTO "ATP"."SYSUSER" VALUES ('T06BA3F6B8D684A8E88A90F63', '王中阳', 'hq\wangzhongyang', 'dbf305eb34e0cf3b03ae1d9f794051bf', null, '3', 'TE898A6E8766F4462B9A871EE', '启用', '否', '78dacdc0c7c3186922c8493a063da843', null, null, null, null, '1551331350', 'system', '1551754124', 'system', '0', '0', '391143118B2D2D2CE054D4C9EF06663E', null, '5');
INSERT INTO "ATP"."SYSUSER" VALUES ('TB9CF64360DCD4367BDB2B74B', '庞贺伟', 'hq\panghewei', 'dbf305eb34e0cf3b03ae1d9f794051bf', null, '4', 'TE898A6E8766F4462B9A871EE', '启用', '否', '163343cd429927a9779d65577c2d8e22', null, null, null, null, '1551331350', 'system', '1551754124', 'system', '0', '0', '3911431183EA2D2CE054D4C9EF06663E', null, '14');
INSERT INTO "ATP"."SYSUSER" VALUES ('T2A3FAEC0608B4D8CBD4EF0F0', '周宏', 'hq\zhouhong', 'dbf305eb34e0cf3b03ae1d9f794051bf', null, '3', 'TE898A6E8766F4462B9A871EE', '启用', '否', '11d9956ead845a478ccb3b472ef5b259', null, null, null, null, '1551331350', 'system', '1551754124', 'system', '0', '0', '3911431185E42D2CE054D4C9EF06663E', null, '17');
INSERT INTO "ATP"."SYSUSER" VALUES ('TE9F625B1742F42778B6E6672', '李明', 'hq\liming', 'dbf305eb34e0cf3b03ae1d9f794051bf', null, '4', 'TE898A6E8766F4462B9A871EE', '启用', '否', '1163951ea4c62aee81c785f48190b331', null, null, '0', '1551754175', '1551331350', 'system', '1551754124', 'system', '0', '0', '3911431182442D2CE054D4C9EF06663E', null, '4');
INSERT INTO "ATP"."SYSUSER" VALUES ('T65F18F0FC1D54FB38CA45481', '王海涛', 'hq\wanghaitao1', 'dbf305eb34e0cf3b03ae1d9f794051bf', null, '3', 'TE898A6E8766F4462B9A871EE', '启用', '否', 'b4cabb1fc27b6cba5f6b1c14be166927', null, null, null, null, '1551331350', 'system', '1551754124', 'system', '0', '0', '628DE015F74141DCE054D4C9EF06663E', null, '28');
INSERT INTO "ATP"."SYSUSER" VALUES ('TA1AB8BCE61F2428BB80A5020', '田野', 'hq\tianye', 'dbf305eb34e0cf3b03ae1d9f794051bf', null, '3', 'T89321E94367F4BE880563815', '启用', '否', '4b0a7589c09870a535678975daabfa15', null, null, null, null, '1551331350', 'system', '1551754124', 'system', '0', '0', '3911431182722D2CE054D4C9EF06663E', null, '58');
INSERT INTO "ATP"."SYSUSER" VALUES ('TBF5AAE210374495DADF16C61', '马强', 'hq\maqiang', 'dbf305eb34e0cf3b03ae1d9f794051bf', null, '3', 'T89321E94367F4BE880563815', '启用', '否', 'b02faa3d54a651ad54c1bed891d1f025', null, null, '0', '1556517352', '1551331350', 'system', '1551754124', 'system', '0', '0', '4144F796F3C0735BE054D4C9EF06663E', null, '101');
INSERT INTO "ATP"."SYSUSER" VALUES ('T4EB0A60A9A994EBFBD4588DB', '张弩', 'hq\zhangnu', 'dbf305eb34e0cf3b03ae1d9f794051bf', null, '3', 'T89321E94367F4BE880563815', '启用', '否', 'e870f2e0e8a8d9191f0f2eafd5e57b0c', null, null, '0', null, '1551331350', 'system', '1551754124', 'system', '0', '0', '39114311B4F72D2CE054D4C9EF06663E', null, '103');
INSERT INTO "ATP"."SYSUSER" VALUES ('TF376B2AB5393435EB7A2B8E1', '马涛', 'hq\matao', 'dbf305eb34e0cf3b03ae1d9f794051bf', null, '3', 'T89321E94367F4BE880563815', '启用', '否', '322c77edd3e18f82593a691c165ddfcb', null, null, '0', null, '1551331350', 'system', '1551754124', 'system', '0', '0', '3911431191262D2CE054D4C9EF06663E', null, '102');
INSERT INTO "ATP"."SYSUSER" VALUES ('T5F76B970FDD44E5B8C26DAA4', '韩涛', 'hq\hantao', 'dbf305eb34e0cf3b03ae1d9f794051bf', null, '3', 'T89321E94367F4BE880563815', '启用', '否', '0298c370c36d9166511de4458e44a0ce', null, null, '0', null, '1551331350', 'system', '1551754124', 'system', '0', '0', '3911431183932D2CE054D4C9EF06663E', null, '62');
INSERT INTO "ATP"."SYSUSER" VALUES ('T9672A5E05B2442CE97B5EAD2', 'test', 'test', 'dbf305eb34e0cf3b03ae1d9f794051bf', null, '4', 'TC8D11942CCC7485D912BC9B4', '启用', '否', '3a0a30f8a63c0d139b6614e6b1b2a449', null, null, null, null, '1551779206', 'system', '1557730380', 'system', '0', '0', null, null, '63');
INSERT INTO "ATP"."SYSUSER" VALUES ('T7F95CE56D1694C41B5063B71', '纪炜', 'hq\jiwei', 'dbf305eb34e0cf3b03ae1d9f794051bf', null, '3', 'T7B7D717264684010A30A7F46', '启用', '否', '4df0594a03772103360d5207642d995b', null, null, '0', '1556435611', '1551941032', 'system', null, null, '0', '0', null, null, '1');
INSERT INTO "ATP"."SYSUSER" VALUES ('T57D01385FD5F4D5588727991', '邵壮', 'hq\shaozhuang', 'dbf305eb34e0cf3b03ae1d9f794051bf', null, '3', 'T7B7D717264684010A30A7F46', '启用', '否', '283ecbe9e640af161a8b13bd17125c12', null, null, '0', null, '1552983523', 'system', null, null, '0', '0', null, null, '0');

-- ----------------------------
-- Table structure for UNITTODOINFO
-- ----------------------------
DROP TABLE "ATP"."UNITTODOINFO";
CREATE TABLE "ATP"."UNITTODOINFO" (
"UTD_ID" VARCHAR2(100 BYTE) NOT NULL ,
"UTD_CREATETIME" VARCHAR2(100 BYTE) NULL ,
"UTD_CREATEUSER" VARCHAR2(100 BYTE) NULL ,
"UTD_LASTMODIFYTIME" VARCHAR2(100 BYTE) NULL ,
"UTD_LASTMODIFYUSER" VARCHAR2(100 BYTE) NULL ,
"UTD_MEETNAME" VARCHAR2(500 BYTE) NULL ,
"UTD_NAME" VARCHAR2(200 BYTE) NULL ,
"UTD_FINISHTYPE" VARCHAR2(100 BYTE) NULL ,
"UTD_PLANFINISHDATE" DATE NULL ,
"UTD_KYBLEADERID" VARCHAR2(100 BYTE) NULL ,
"UTD_KYBUNITID" VARCHAR2(100 BYTE) NULL ,
"UTD_KYBCHARGEMANID" VARCHAR2(100 BYTE) NULL ,
"UTD_FLOWSTATUS" VARCHAR2(200 BYTE) DEFAULT '未提交'  NULL ,
"UTD_FINISHTIME" DATE NULL ,
"UTD_FINISHRESULT" VARCHAR2(500 BYTE) NULL ,
"UTD_FINISHMANID" VARCHAR2(100 BYTE) NULL ,
"UTD_CONFIRMTIME" DATE NULL ,
"UTD_CONFIRMRESULT" VARCHAR2(500 BYTE) NULL ,
"UTD_CONFIRMMANID" VARCHAR2(100 BYTE) NULL ,
"UTD_REMARK" VARCHAR2(500 BYTE) NULL ,
"UTD_KYBLEADER" VARCHAR2(100 BYTE) NULL ,
"UTD_KYBUNIT" VARCHAR2(200 BYTE) NULL ,
"UTD_KYBCHARGEMAN" VARCHAR2(100 BYTE) NULL ,
"UTD_FINISHMAN" VARCHAR2(100 BYTE) NULL ,
"UTD_CONFIRMMAN" VARCHAR2(100 BYTE) NULL ,
"UTD_MODIFYTIME" DATE NULL ,
"UTD_MODIFYRESULT" VARCHAR2(500 BYTE) NULL ,
"UTD_MODIFYMANID" VARCHAR2(100 BYTE) NULL ,
"UTD_MODIFYMAN" VARCHAR2(100 BYTE) NULL ,
"UTD_CANCELTIME" DATE NULL ,
"UTD_CANCELRESULT" VARCHAR2(500 BYTE) NULL ,
"UTD_CANCELMANID" VARCHAR2(100 BYTE) NULL ,
"UTD_CANCELMAN" VARCHAR2(100 BYTE) NULL ,
"UTD_ISCANCEL" VARCHAR2(10 BYTE) DEFAULT '否'  NULL ,
"UTD_MODIFYFINISHDATE" DATE NULL ,
"UTD_ISPUBLISH" VARCHAR2(10 BYTE) DEFAULT '否'  NULL ,
"UTD_ISBACK" VARCHAR2(10 BYTE) DEFAULT '否'  NULL ,
"UTD_BACKCOMMENT" VARCHAR2(500 BYTE) NULL 
)
NOLOGGING
NOCOMPRESS
NOCACHE

;
COMMENT ON TABLE "ATP"."UNITTODOINFO" IS '部门待办事项表';
COMMENT ON COLUMN "ATP"."UNITTODOINFO"."UTD_MEETNAME" IS '会议名称';
COMMENT ON COLUMN "ATP"."UNITTODOINFO"."UTD_NAME" IS '待办事项名称';
COMMENT ON COLUMN "ATP"."UNITTODOINFO"."UTD_FINISHTYPE" IS '完成形式，关联dic';
COMMENT ON COLUMN "ATP"."UNITTODOINFO"."UTD_PLANFINISHDATE" IS '预计完成日期';
COMMENT ON COLUMN "ATP"."UNITTODOINFO"."UTD_KYBLEADERID" IS '科研部主管领导,关联sysuser';
COMMENT ON COLUMN "ATP"."UNITTODOINFO"."UTD_KYBUNITID" IS '科研部责任部门，关联org';
COMMENT ON COLUMN "ATP"."UNITTODOINFO"."UTD_KYBCHARGEMANID" IS '科研部责任人,关联sysuser';
COMMENT ON COLUMN "ATP"."UNITTODOINFO"."UTD_FLOWSTATUS" IS '流程状态，未提交、已提交、已确认、被退回，自动驱动';
COMMENT ON COLUMN "ATP"."UNITTODOINFO"."UTD_FINISHTIME" IS '完成日期';
COMMENT ON COLUMN "ATP"."UNITTODOINFO"."UTD_FINISHRESULT" IS '实际完成情况';
COMMENT ON COLUMN "ATP"."UNITTODOINFO"."UTD_FINISHMANID" IS '实际完成人ID，关联sysuser';
COMMENT ON COLUMN "ATP"."UNITTODOINFO"."UTD_CONFIRMTIME" IS '确认日期';
COMMENT ON COLUMN "ATP"."UNITTODOINFO"."UTD_CONFIRMRESULT" IS '确认完成情况';
COMMENT ON COLUMN "ATP"."UNITTODOINFO"."UTD_CONFIRMMANID" IS '确认人ID，关联sysuser';
COMMENT ON COLUMN "ATP"."UNITTODOINFO"."UTD_REMARK" IS '备注';
COMMENT ON COLUMN "ATP"."UNITTODOINFO"."UTD_KYBLEADER" IS '科研部主管领导';
COMMENT ON COLUMN "ATP"."UNITTODOINFO"."UTD_KYBUNIT" IS '科研部责任部门';
COMMENT ON COLUMN "ATP"."UNITTODOINFO"."UTD_KYBCHARGEMAN" IS '科研部责任人';
COMMENT ON COLUMN "ATP"."UNITTODOINFO"."UTD_FINISHMAN" IS '实际完成人';
COMMENT ON COLUMN "ATP"."UNITTODOINFO"."UTD_CONFIRMMAN" IS '确认人';
COMMENT ON COLUMN "ATP"."UNITTODOINFO"."UTD_MODIFYTIME" IS '调整日期';
COMMENT ON COLUMN "ATP"."UNITTODOINFO"."UTD_MODIFYRESULT" IS '调整情况';
COMMENT ON COLUMN "ATP"."UNITTODOINFO"."UTD_MODIFYMANID" IS '调整人ID，关联sysuser';
COMMENT ON COLUMN "ATP"."UNITTODOINFO"."UTD_MODIFYMAN" IS '调整人';
COMMENT ON COLUMN "ATP"."UNITTODOINFO"."UTD_CANCELTIME" IS '取消日期';
COMMENT ON COLUMN "ATP"."UNITTODOINFO"."UTD_CANCELRESULT" IS '取消情况';
COMMENT ON COLUMN "ATP"."UNITTODOINFO"."UTD_CANCELMANID" IS '取消人ID，关联sysuser';
COMMENT ON COLUMN "ATP"."UNITTODOINFO"."UTD_CANCELMAN" IS '取消人';
COMMENT ON COLUMN "ATP"."UNITTODOINFO"."UTD_ISCANCEL" IS '是否取消，关联dic，是否';
COMMENT ON COLUMN "ATP"."UNITTODOINFO"."UTD_MODIFYFINISHDATE" IS '调整后计划完成日期';
COMMENT ON COLUMN "ATP"."UNITTODOINFO"."UTD_ISPUBLISH" IS '是否下发，关联dic，是否';
COMMENT ON COLUMN "ATP"."UNITTODOINFO"."UTD_ISBACK" IS '是否退回';
COMMENT ON COLUMN "ATP"."UNITTODOINFO"."UTD_BACKCOMMENT" IS '退回原因';

-- ----------------------------
-- Records of UNITTODOINFO
-- ----------------------------
INSERT INTO "ATP"."UNITTODOINFO" VALUES ('T0CCEBED3E576421E8584E391', '2019-03-19 10:29:33', 'TE9265E7112F94A9A9898FD10', '2019-04-28 16:27:27', 'TE9265E7112F94A9A9898FD10', '爱看时间111222', '待办事项11爱222', '123', TO_DATE('2019-04-26 00:00:00', 'YYYY-MM-DD HH24:MI:SS'), 'TD7B2CEC0C8174F1481E26F16', 'TBB26954FE625427EAF06C6E4', 'TE3A8039D1EB14A2F853073B7', '进行中', TO_DATE('2019-03-20 13:51:12', 'YYYY-MM-DD HH24:MI:SS'), '1127', 'TE9265E7112F94A9A9898FD10', TO_DATE('2019-03-19 16:34:34', 'YYYY-MM-DD HH24:MI:SS'), null, 'TE9265E7112F94A9A9898FD10', '上传', '李大明', '科研综合处', '赵毅', '武健', '武健', null, null, null, null, null, null, null, null, '否', null, '否', '是', null);
INSERT INTO "ATP"."UNITTODOINFO" VALUES ('TCC699629A2B9477E9E5808C5', '2019-03-19 10:29:33', 'TE9265E7112F94A9A9898FD10', '2019-04-28 16:53:14', 'TE9265E7112F94A9A9898FD10', null, '待办事项13', '实物', TO_DATE('2019-04-06 00:00:00', 'YYYY-MM-DD HH24:MI:SS'), 'TD7B2CEC0C8174F1481E26F16', 'TBB26954FE625427EAF06C6E4', 'TE9265E7112F94A9A9898FD10', '已提交', TO_DATE('2019-04-29 13:50:36', 'YYYY-MM-DD HH24:MI:SS'), '1127', 'TE9265E7112F94A9A9898FD10', TO_DATE('2019-03-22 00:00:00', 'YYYY-MM-DD HH24:MI:SS'), null, 'TE9265E7112F94A9A9898FD10', '上传', '李大明', '科研综合处', '武健', '武健', '武健', TO_DATE('2019-03-20 13:35:35', 'YYYY-MM-DD HH24:MI:SS'), null, 'TE9265E7112F94A9A9898FD10', '武健', null, null, null, null, '否', TO_DATE('2019-03-29 00:00:00', 'YYYY-MM-DD HH24:MI:SS'), '否', '否', 'asdadasd');
INSERT INTO "ATP"."UNITTODOINFO" VALUES ('TA578E84BAAAA4002936A6CC3', '2019-04-28 15:15:39', 'TE9265E7112F94A9A9898FD10', '2019-04-28 16:54:32', 'TE9265E7112F94A9A9898FD10', '123123', '123123', '123123', TO_DATE('2019-04-24 00:00:00', 'YYYY-MM-DD HH24:MI:SS'), 'TD7B2CEC0C8174F1481E26F16', 'TBB26954FE625427EAF06C6E4', 'T5F3BA4E55465453982548F03', '未提交', null, null, null, null, null, null, null, '李大明', '科研综合处', '马楠', null, null, null, null, null, null, null, null, null, null, '否', null, '否', '否', null);

-- ----------------------------
-- Table structure for USERAUTH
-- ----------------------------
DROP TABLE "ATP"."USERAUTH";
CREATE TABLE "ATP"."USERAUTH" (
"UA_ID" VARCHAR2(100 BYTE) NOT NULL ,
"UA_ROLEID" VARCHAR2(100 BYTE) NULL ,
"UA_USERID" VARCHAR2(100 BYTE) NULL ,
"UA_CREATETIME" VARCHAR2(100 BYTE) NULL ,
"UA_CREATEUSER" VARCHAR2(100 BYTE) NULL ,
"UA_LASTMODIFYTIME" VARCHAR2(100 BYTE) NULL ,
"UA_LASTMODIFYUSER" VARCHAR2(100 BYTE) NULL 
)
NOLOGGING
NOCOMPRESS
NOCACHE

;
COMMENT ON COLUMN "ATP"."USERAUTH"."UA_ROLEID" IS '角色ID';
COMMENT ON COLUMN "ATP"."USERAUTH"."UA_USERID" IS '用户ID';

-- ----------------------------
-- Records of USERAUTH
-- ----------------------------
INSERT INTO "ATP"."USERAUTH" VALUES ('T13BCA661872A404F9EDE6FC6', 'T061AB8E3062D48849070093E', 'TD7B2CEC0C8174F1481E26F16', '1551779287', 'safe', null, null);
INSERT INTO "ATP"."USERAUTH" VALUES ('T598A93535A0B43B4BE25CCA9', 'T061AB8E3062D48849070093E', 'TBF5AAE210374495DADF16C61', '1551779287', 'safe', null, null);
INSERT INTO "ATP"."USERAUTH" VALUES ('TBFE9C68F585A42CD822119A8', 'T061AB8E3062D48849070093E', 'TF376B2AB5393435EB7A2B8E1', '1551779287', 'safe', null, null);
INSERT INTO "ATP"."USERAUTH" VALUES ('T139D45C7019F4FB19828B42C', 'T061AB8E3062D48849070093E', 'T4EB0A60A9A994EBFBD4588DB', '1551779287', 'safe', null, null);
INSERT INTO "ATP"."USERAUTH" VALUES ('T579311AAE87A41939CAECC54', 'T886B426D95924386A24DA736', 'T4070BDB65A1B43C795E1F3FC', '1551331580', 'safe', null, null);
INSERT INTO "ATP"."USERAUTH" VALUES ('T148987EC05B94BA98D8B3CA5', 'T886B426D95924386A24DA736', 'TF4C64E41E2C14334AC8D6FC7', '1551331580', 'safe', null, null);
INSERT INTO "ATP"."USERAUTH" VALUES ('T92AF5BEF7DDE4D158C9EB2BD', 'T886B426D95924386A24DA736', 'T559310C9D88C4040B07E151A', '1551331580', 'safe', null, null);
INSERT INTO "ATP"."USERAUTH" VALUES ('TB998A32188B447788EA2C9D3', 'T7CDE3A78C46F4E9EA327DC96', 'TF9388E75E1E84DD1A85391A6', '1551331473', 'safe', null, null);
INSERT INTO "ATP"."USERAUTH" VALUES ('T59920476DCEB4C4BB36948D1', 'T7CDE3A78C46F4E9EA327DC96', 'TA93A301112AD40C6A79E3677', '1551331473', 'safe', null, null);
INSERT INTO "ATP"."USERAUTH" VALUES ('T3F75E4229AEA4CC485C068CE', 'T7CDE3A78C46F4E9EA327DC96', 'TE9265E7112F94A9A9898FD10', '1551331473', 'safe', null, null);
INSERT INTO "ATP"."USERAUTH" VALUES ('T374C77CF0A894604A75F994A', 'T886B426D95924386A24DA736', 'TE9F625B1742F42778B6E6672', '1551331580', 'safe', null, null);
INSERT INTO "ATP"."USERAUTH" VALUES ('T22195B06740E4998A1FD1CF8', 'T886B426D95924386A24DA736', 'T06BA3F6B8D684A8E88A90F63', '1551331580', 'safe', null, null);
INSERT INTO "ATP"."USERAUTH" VALUES ('T7A8AC9B76D724CFDAA97FA1F', 'T886B426D95924386A24DA736', 'T793CDDBA2A03470394987889', '1551331580', 'safe', null, null);
INSERT INTO "ATP"."USERAUTH" VALUES ('T9D3854F40FDF4564A37F6C08', 'T886B426D95924386A24DA736', 'T896947B3A7244E2DBB4D6173', '1551331580', 'safe', null, null);
INSERT INTO "ATP"."USERAUTH" VALUES ('T00B2922871724B60B91EB657', 'T886B426D95924386A24DA736', 'T684755721D54426EAFAE1282', '1551331580', 'safe', null, null);
INSERT INTO "ATP"."USERAUTH" VALUES ('TB9D067D9102840BBB460AEC1', 'T886B426D95924386A24DA736', 'T9EE7BF0FE76C471DB458EC7D', '1551331580', 'safe', null, null);
INSERT INTO "ATP"."USERAUTH" VALUES ('T53F4AF6D2C3044B689910AA8', 'T886B426D95924386A24DA736', 'TDE90C8F70B4A484F889F4E2C', '1551331580', 'safe', null, null);
INSERT INTO "ATP"."USERAUTH" VALUES ('T57EEDD3B5CD346B79C7B3A9A', 'T886B426D95924386A24DA736', 'T19835932C4914F3D9085C486', '1551331580', 'safe', null, null);
INSERT INTO "ATP"."USERAUTH" VALUES ('TDFE1185830C14E2BB440F3C1', 'T886B426D95924386A24DA736', 'T1FDF1A20B6E74732938A463D', '1551331580', 'safe', null, null);
INSERT INTO "ATP"."USERAUTH" VALUES ('TAFAD17CA96DB4E6A8E39C1C4', 'T886B426D95924386A24DA736', 'T006A66E7EA644DF996A460C4', '1551331580', 'safe', null, null);
INSERT INTO "ATP"."USERAUTH" VALUES ('T37A126F98F88409BB60242BC', 'T886B426D95924386A24DA736', 'TB9CF64360DCD4367BDB2B74B', '1551331580', 'safe', null, null);
INSERT INTO "ATP"."USERAUTH" VALUES ('T83462254885B491DB12915DA', 'T886B426D95924386A24DA736', 'TBED8D803D0EE4A1AA4513F26', '1551331580', 'safe', null, null);
INSERT INTO "ATP"."USERAUTH" VALUES ('TD1C8781C09E54BAB890853E7', 'T886B426D95924386A24DA736', 'TB7D5094A76E34295AEC04338', '1551331580', 'safe', null, null);
INSERT INTO "ATP"."USERAUTH" VALUES ('TAFE5A9F4BC3747909F12971D', 'T886B426D95924386A24DA736', 'T2A3FAEC0608B4D8CBD4EF0F0', '1551331580', 'safe', null, null);
INSERT INTO "ATP"."USERAUTH" VALUES ('T9251D7DBB73D4CF29F950601', 'T886B426D95924386A24DA736', 'T05D13A24392A4954A79562D2', '1551331580', 'safe', null, null);
INSERT INTO "ATP"."USERAUTH" VALUES ('T8C0C5001751345939E109D28', 'T886B426D95924386A24DA736', 'T643A0C9D1F0A46308E0E8489', '1551331580', 'safe', null, null);
INSERT INTO "ATP"."USERAUTH" VALUES ('TC6AA3473302048CCBB206185', 'T886B426D95924386A24DA736', 'T967E92F81F81480DB37F486D', '1551331580', 'safe', null, null);
INSERT INTO "ATP"."USERAUTH" VALUES ('TF9C94E02DE2844B19ED28989', 'T886B426D95924386A24DA736', 'TA75DB314064D48D4A7F43016', '1551331580', 'safe', null, null);
INSERT INTO "ATP"."USERAUTH" VALUES ('T9683AEF2711545129A721B92', 'T5079277345D0405C9FC132B5', 'TF9388E75E1E84DD1A85391A6', '1551331670', 'safe', null, null);
INSERT INTO "ATP"."USERAUTH" VALUES ('T99B125D43BD644AC9D91648B', 'T5079277345D0405C9FC132B5', 'TA93A301112AD40C6A79E3677', '1551331670', 'safe', null, null);
INSERT INTO "ATP"."USERAUTH" VALUES ('T8B9AFA2B96154FCDA51ACB07', 'T5079277345D0405C9FC132B5', 'TD177CA59DD58446D98D4B49B', '1551331670', 'safe', null, null);
INSERT INTO "ATP"."USERAUTH" VALUES ('TD1A0C48F3AA2471F9560FEE4', 'T5079277345D0405C9FC132B5', 'T2D597A7DF23646709D370145', '1551331670', 'safe', null, null);
INSERT INTO "ATP"."USERAUTH" VALUES ('TEC93D98B32B94C2F90327515', 'T5079277345D0405C9FC132B5', 'T5F3BA4E55465453982548F03', '1551331670', 'safe', null, null);
INSERT INTO "ATP"."USERAUTH" VALUES ('T86973F5D1DED420F8EA05EF7', 'T5079277345D0405C9FC132B5', 'T4AE2D9F1724C46B490DCF562', '1551331670', 'safe', null, null);
INSERT INTO "ATP"."USERAUTH" VALUES ('T769024B91C3B40D183F5F236', 'T5079277345D0405C9FC132B5', 'TBA311C5100D645F8B1179AA8', '1551331670', 'safe', null, null);
INSERT INTO "ATP"."USERAUTH" VALUES ('TDCB4AC49DB0246A6A06B1A62', 'T5079277345D0405C9FC132B5', 'TA745D48E9CEB48BCB59DA022', '1551331670', 'safe', null, null);
INSERT INTO "ATP"."USERAUTH" VALUES ('TC0E0209FD43044F2AB85BC62', 'T5079277345D0405C9FC132B5', 'TB0BC40FCE1E64070AEC8307C', '1551331670', 'safe', null, null);
INSERT INTO "ATP"."USERAUTH" VALUES ('TFFD29B0637A54628AC60DA59', 'T5079277345D0405C9FC132B5', 'TC99F6E7A877646AB9B9C6AB6', '1551331670', 'safe', null, null);
INSERT INTO "ATP"."USERAUTH" VALUES ('T0D6446D939304B6D8DDDDE08', 'T5079277345D0405C9FC132B5', 'TB8926A32950A4FC688C7B05A', '1551331670', 'safe', null, null);
INSERT INTO "ATP"."USERAUTH" VALUES ('system', '1', 'system', null, null, null, null);
INSERT INTO "ATP"."USERAUTH" VALUES ('system2', '1', 'system2', null, null, null, null);
INSERT INTO "ATP"."USERAUTH" VALUES ('safe', '3', 'safe', null, null, null, null);
INSERT INTO "ATP"."USERAUTH" VALUES ('safe2', '3', 'safe2', null, null, null, null);
INSERT INTO "ATP"."USERAUTH" VALUES ('audit', '2', 'audit', null, null, null, null);
INSERT INTO "ATP"."USERAUTH" VALUES ('4', '4', '4', null, null, null, null);
INSERT INTO "ATP"."USERAUTH" VALUES ('audit2', '2', 'audit2', null, null, null, null);
INSERT INTO "ATP"."USERAUTH" VALUES ('T254E426AFBF8416F9CE43666', 'T41DB99CD01564605AC063A78', 'TBC92F8179EBA4B2AB0B8057F', '1552547218', 'safe', null, null);
INSERT INTO "ATP"."USERAUTH" VALUES ('T3AFC752CAA274C40BEDFF099', 'T0F0CDEF8D7394B118C10DFED', 'TB0BC40FCE1E64070AEC8307C', '1552983488', 'safe', null, null);
INSERT INTO "ATP"."USERAUTH" VALUES ('TD4AA0FF8A2694C8897ABFD19', 'T0F0CDEF8D7394B118C10DFED', 'TBB1BED24E7574CE0BDA62E5E', '1552983488', 'safe', null, null);
INSERT INTO "ATP"."USERAUTH" VALUES ('TAA1F2A083F4243F1B90E3FA9', 'T0F0CDEF8D7394B118C10DFED', 'T3BE6831644F94F8891ADD258', '1552983488', 'safe', null, null);
INSERT INTO "ATP"."USERAUTH" VALUES ('TCCB05614537048B59E0BBE20', 'T0F0CDEF8D7394B118C10DFED', 'TE38E9D2E573648CDABE83048', '1552983488', 'safe', null, null);
INSERT INTO "ATP"."USERAUTH" VALUES ('T4FDA75D1F653461EA493AC16', 'T0F0CDEF8D7394B118C10DFED', 'T13CE872D813F4EDD97CE59CB', '1552983488', 'safe', null, null);
INSERT INTO "ATP"."USERAUTH" VALUES ('T11D47CAB278A4BDEB5DD7D99', 'T0F0CDEF8D7394B118C10DFED', 'TC99F6E7A877646AB9B9C6AB6', '1552983488', 'safe', null, null);
INSERT INTO "ATP"."USERAUTH" VALUES ('T744B8E8E754E4DC7AA6B3A74', 'T0F0CDEF8D7394B118C10DFED', 'T246787AB2CD34ECDA3988BA1', '1552983488', 'safe', null, null);
INSERT INTO "ATP"."USERAUTH" VALUES ('TE658860790BF48588F11E25E', 'T0F0CDEF8D7394B118C10DFED', 'TA745D48E9CEB48BCB59DA022', '1552983488', 'safe', null, null);
INSERT INTO "ATP"."USERAUTH" VALUES ('TE102075162DC447FB2F9A4E2', 'T0F0CDEF8D7394B118C10DFED', 'TBC92F8179EBA4B2AB0B8057F', '1552983488', 'safe', null, null);
INSERT INTO "ATP"."USERAUTH" VALUES ('T48F78E26F37C4DC8929B0FBC', 'T0F0CDEF8D7394B118C10DFED', 'T2D597A7DF23646709D370145', '1552983488', 'safe', null, null);
INSERT INTO "ATP"."USERAUTH" VALUES ('T5EDAD0ECAAED47EB8BE98A6C', 'T0F0CDEF8D7394B118C10DFED', 'T43069726BFEE4BCE83B6D9B2', '1552983488', 'safe', null, null);
INSERT INTO "ATP"."USERAUTH" VALUES ('TAC87F94BC3BB49A28325F7F3', 'T0F0CDEF8D7394B118C10DFED', 'TD177CA59DD58446D98D4B49B', '1552983488', 'safe', null, null);
INSERT INTO "ATP"."USERAUTH" VALUES ('TD284EE445C5E4E239E408AE1', 'T0F0CDEF8D7394B118C10DFED', 'TD2DEE018820D48B4AB791E76', '1552983488', 'safe', null, null);
INSERT INTO "ATP"."USERAUTH" VALUES ('TD8285EA7EE1449EF9CEF54C1', 'T0F0CDEF8D7394B118C10DFED', 'T73CAB782CACC4653BC375780', '1552983488', 'safe', null, null);
INSERT INTO "ATP"."USERAUTH" VALUES ('T8751D33D38214E558DCE4E35', 'T0F0CDEF8D7394B118C10DFED', 'TE3A8039D1EB14A2F853073B7', '1552983488', 'safe', null, null);
INSERT INTO "ATP"."USERAUTH" VALUES ('T87F07AD4251F44B399B00E42', 'T0F0CDEF8D7394B118C10DFED', 'T5F3BA4E55465453982548F03', '1552983488', 'safe', null, null);
INSERT INTO "ATP"."USERAUTH" VALUES ('T3680EA97F98345B7BF06B5C8', 'T0F0CDEF8D7394B118C10DFED', 'TE2A9D1FADD62492991455DCA', '1552983488', 'safe', null, null);
INSERT INTO "ATP"."USERAUTH" VALUES ('TDA54416301104496874D6AFB', 'T0F0CDEF8D7394B118C10DFED', 'T65EFF2B29A5B4CD18182B862', '1552983488', 'safe', null, null);
INSERT INTO "ATP"."USERAUTH" VALUES ('TE55495B3193144B2833AFD03', 'T0F0CDEF8D7394B118C10DFED', 'T4AE2D9F1724C46B490DCF562', '1552983488', 'safe', null, null);
INSERT INTO "ATP"."USERAUTH" VALUES ('T471EDE3219F040C982F31B52', 'T0F0CDEF8D7394B118C10DFED', 'TF0345FCDA57543F1982DC1A3', '1552983488', 'safe', null, null);
INSERT INTO "ATP"."USERAUTH" VALUES ('TBCC3AB03E15943BCACA17BA8', 'T0F0CDEF8D7394B118C10DFED', 'TA93A301112AD40C6A79E3677', '1552983488', 'safe', null, null);
INSERT INTO "ATP"."USERAUTH" VALUES ('TD2DD497890FA4DDF996DAAD0', 'T0F0CDEF8D7394B118C10DFED', 'TE9265E7112F94A9A9898FD10', '1552983488', 'safe', null, null);
INSERT INTO "ATP"."USERAUTH" VALUES ('T2E0410528B5E431598BDE0C9', 'T0F0CDEF8D7394B118C10DFED', 'TF9388E75E1E84DD1A85391A6', '1552983488', 'safe', null, null);
INSERT INTO "ATP"."USERAUTH" VALUES ('TAAD6AFBC15064759A489C65B', 'T0F0CDEF8D7394B118C10DFED', 'T107A0EA330EC46978AC6CC26', '1552983488', 'safe', null, null);
INSERT INTO "ATP"."USERAUTH" VALUES ('T611DE25C7F7B43CB958E9AAA', 'T0F0CDEF8D7394B118C10DFED', 'TBA311C5100D645F8B1179AA8', '1552983488', 'safe', null, null);
INSERT INTO "ATP"."USERAUTH" VALUES ('TC235E84B85C7440297DDCDC1', 'T0F0CDEF8D7394B118C10DFED', 'TB8926A32950A4FC688C7B05A', '1552983488', 'safe', null, null);
INSERT INTO "ATP"."USERAUTH" VALUES ('T94CAA88BD2D74A4091D3A103', 'T0F0CDEF8D7394B118C10DFED', 'TA1AB8BCE61F2428BB80A5020', '1552983488', 'safe', null, null);
INSERT INTO "ATP"."USERAUTH" VALUES ('TF16BD86766534676BA5BB0D6', 'T0F0CDEF8D7394B118C10DFED', 'T5F76B970FDD44E5B8C26DAA4', '1552983488', 'safe', null, null);
INSERT INTO "ATP"."USERAUTH" VALUES ('T3EF3748F160444EFB5210905', 'T3243F9BFBAA84FC7B532669B', 'T7F95CE56D1694C41B5063B71', '1552983541', 'safe', null, null);
INSERT INTO "ATP"."USERAUTH" VALUES ('T3CB50F9D31AC4399B67254C5', 'T3243F9BFBAA84FC7B532669B', 'T57D01385FD5F4D5588727991', '1552983541', 'safe', null, null);
INSERT INTO "ATP"."USERAUTH" VALUES ('T4184C282A59A43B783CBA72D', 'T5079277345D0405C9FC132B5', 'T5F76B970FDD44E5B8C26DAA4', '1551842572', 'safe', null, null);
INSERT INTO "ATP"."USERAUTH" VALUES ('T1D7D73F71F174168A3EC732C', 'T7CDE3A78C46F4E9EA327DC96', 'T5F76B970FDD44E5B8C26DAA4', '1551842572', 'safe', null, null);

-- ----------------------------
-- Table structure for V_MONTHTODOINFO_VERSION
-- ----------------------------
DROP TABLE "ATP"."V_MONTHTODOINFO_VERSION";
CREATE TABLE "ATP"."V_MONTHTODOINFO_VERSION" (
"YTD_ID" VARCHAR2(100 BYTE) NOT NULL ,
"YTD_CREATETIME" VARCHAR2(100 BYTE) NULL ,
"YTD_CREATEUSER" VARCHAR2(100 BYTE) NULL ,
"YTD_LASTMODIFYTIME" VARCHAR2(100 BYTE) NULL ,
"YTD_LASTMODIFYUSER" VARCHAR2(100 BYTE) NULL ,
"YTD_WORKTYPE" VARCHAR2(200 BYTE) NULL ,
"YTD_NAME" VARCHAR2(200 BYTE) NULL ,
"YTD_FINISHTYPE" VARCHAR2(100 BYTE) NULL ,
"YTD_PLANFINISHDATE" DATE NULL ,
"YTD_KYBUNITID" VARCHAR2(100 BYTE) NULL ,
"YTD_KYBCHARGEMANID" VARCHAR2(100 BYTE) NULL ,
"YTD_KYBLEADERID" VARCHAR2(100 BYTE) NULL ,
"YTD_KYBUNITLEADERID" VARCHAR2(100 BYTE) NULL ,
"YTD_ISWYTODO" VARCHAR2(10 BYTE) NULL ,
"STATUS" VARCHAR2(6 BYTE) NULL ,
"YTD_FINISHTIME" DATE NULL ,
"YTD_FINISHRESULT" VARCHAR2(500 BYTE) NULL ,
"YTD_FINISHMANID" VARCHAR2(100 BYTE) NULL ,
"YTD_CONFIRMTIME" DATE NULL ,
"YTD_CONFIRMRESULT" VARCHAR2(500 BYTE) NULL ,
"YTD_CONFIRMMANID" VARCHAR2(100 BYTE) NULL ,
"YTD_REMARK" VARCHAR2(500 BYTE) NULL ,
"YTD_KYBUNIT" VARCHAR2(200 BYTE) NULL ,
"YTD_KYBCHARGEMAN" VARCHAR2(100 BYTE) NULL ,
"YTD_KYBLEADER" VARCHAR2(100 BYTE) NULL ,
"YTD_KYBUNITLEADER" VARCHAR2(100 BYTE) NULL ,
"YTD_FINISHMAN" VARCHAR2(100 BYTE) NULL ,
"YTD_CONFIRMMAN" VARCHAR2(100 BYTE) NULL ,
"YTD_MODIFYTIME" DATE NULL ,
"YTD_MODIFYRESULT" VARCHAR2(500 BYTE) NULL ,
"YTD_MODIFYMANID" VARCHAR2(100 BYTE) NULL ,
"YTD_MODIFYMAN" VARCHAR2(100 BYTE) NULL ,
"YTD_CANCELTIME" DATE NULL ,
"YTD_CANCELRESULT" VARCHAR2(500 BYTE) NULL ,
"YTD_CANCELMANID" VARCHAR2(100 BYTE) NULL ,
"YTD_CANCELMAN" VARCHAR2(100 BYTE) NULL ,
"YTD_ISCANCEL" VARCHAR2(10 BYTE) NULL ,
"YTD_MODIFYFINISHDATE" DATE NULL ,
"YTD_ISPUBLISH" VARCHAR2(10 BYTE) NULL ,
"YTD_IPID" VARCHAR2(100 BYTE) NULL ,
"YTD_ISIP" VARCHAR2(100 BYTE) NULL ,
"YTD_BACKCOMMENT" VARCHAR2(500 BYTE) NULL ,
"YTD_CONTENT" VARCHAR2(200 BYTE) NULL ,
"YTD_DEALMETHOD" VARCHAR2(500 BYTE) NULL ,
"YTD_FLOWSTATUS" VARCHAR2(200 BYTE) NULL ,
"YEAR" VARCHAR2(4 BYTE) NULL ,
"MONTH" VARCHAR2(2 BYTE) NULL ,
"VERSION" VARCHAR2(6 BYTE) NULL ,
"ORGSORT" VARCHAR2(100 BYTE) NULL 
)
NOLOGGING
NOCOMPRESS
NOCACHE

;

-- ----------------------------
-- Records of V_MONTHTODOINFO_VERSION
-- ----------------------------
INSERT INTO "ATP"."V_MONTHTODOINFO_VERSION" VALUES ('T85F14834A46A43308669AF89', null, null, null, null, null, '454445', null, TO_DATE('2019-04-27 00:00:00', 'YYYY-MM-DD HH24:MI:SS'), 'TBB26954FE625427EAF06C6E4', 'TE38E9D2E573648CDABE83048', 'TD7B2CEC0C8174F1481E26F16', null, null, '未完', null, null, null, null, null, null, null, '科研综合处', '赫荣伟', '李大明', null, null, null, null, null, null, null, null, null, null, null, '否', null, '是', 'TFF826F77F39D4A4D84BFE3C0', '是', null, null, null, '未提交', '2019', '05', '201905', '0101160701');
INSERT INTO "ATP"."V_MONTHTODOINFO_VERSION" VALUES ('T70964CEBC7174ED381D53664', null, null, null, null, null, '999', null, TO_DATE('2019-04-26 00:00:00', 'YYYY-MM-DD HH24:MI:SS'), 'TBB26954FE625427EAF06C6E4', 'T3BE6831644F94F8891ADD258', 'TD7B2CEC0C8174F1481E26F16', null, null, '未完', null, null, null, null, null, null, null, '科研综合处', '杨晨', '李大明', null, null, null, null, null, null, null, null, null, null, null, '否', null, '是', 'TAC29A20778D047759FE0EA66', '是', null, null, null, '未提交', '2019', '05', '201905', '0101160701');
INSERT INTO "ATP"."V_MONTHTODOINFO_VERSION" VALUES ('TE17EA07D01EB429EA6E8D29B', '2019-05-05 14:31:12', 'TE9265E7112F94A9A9898FD10', null, null, '123123123', '123123', '123123', TO_DATE('2019-05-05 00:00:00', 'YYYY-MM-DD HH24:MI:SS'), 'TBB26954FE625427EAF06C6E4', 'TE38E9D2E573648CDABE83048', 'TD7B2CEC0C8174F1481E26F16', null, null, '进行', null, null, null, null, null, null, null, '科研综合处', '赫荣伟', '李大明', null, null, null, null, null, null, null, null, null, null, null, '否', null, '否', null, null, null, '123123', '123123', '未提交', '2019', '05', '201905', '0101160701');
INSERT INTO "ATP"."V_MONTHTODOINFO_VERSION" VALUES ('T1D7606AC91334E2D9F2E3D3C', '2019-04-28 09:58:42', 'TE9265E7112F94A9A9898FD10', null, null, '一、测试', '测试', '测试', TO_DATE('2019-04-30 00:00:00', 'YYYY-MM-DD HH24:MI:SS'), 'T46576421175A463FAA7A664D', 'TBB1BED24E7574CE0BDA62E5E', 'TD7B2CEC0C8174F1481E26F16', null, null, '未完', TO_DATE('2019-04-28 00:00:00', 'YYYY-MM-DD HH24:MI:SS'), null, 'TBB1BED24E7574CE0BDA62E5E', null, null, null, null, '宇航能力管理处', '王烁', '李大明', null, '王烁', null, null, null, null, null, null, null, null, null, '否', null, '是', null, null, null, '测试', null, '已提交', '2019', '05', '201905', '0101160703');
INSERT INTO "ATP"."V_MONTHTODOINFO_VERSION" VALUES ('T4BE427F0433A4DFDAC1EC68A', '2019-04-26 15:49:07', 'TE9265E7112F94A9A9898FD10', null, null, '666', '666', '672', TO_DATE('2019-04-30 00:00:00', 'YYYY-MM-DD HH24:MI:SS'), 'T46576421175A463FAA7A664D', 'T5F3BA4E55465453982548F03', 'TBF5AAE210374495DADF16C61', null, null, '未完', null, null, null, null, null, null, null, '宇航能力管理处', '马楠', '马强', null, null, null, null, null, null, null, null, null, null, null, '否', null, '是', null, null, null, '666', '672', '未提交', '2019', '05', '201905', '0101160703');
INSERT INTO "ATP"."V_MONTHTODOINFO_VERSION" VALUES ('T6A5F5898BE274F16A5686102', '2019-04-26 15:49:07', 'TE9265E7112F94A9A9898FD10', '2019-04-28 16:48:17', 'TE9265E7112F94A9A9898FD10', '666', '666', '671', TO_DATE('2019-04-29 00:00:00', 'YYYY-MM-DD HH24:MI:SS'), 'T46576421175A463FAA7A664D', 'TE9265E7112F94A9A9898FD10', 'TBF5AAE210374495DADF16C61', null, null, '未完', null, null, null, null, null, null, null, '宇航能力管理处', '武健', '马强', null, null, null, null, null, null, null, null, null, null, null, '否', null, '是', null, null, null, '666', '671', '未提交', '2019', '05', '201905', '0101160703');
INSERT INTO "ATP"."V_MONTHTODOINFO_VERSION" VALUES ('TB4A0217D942041B492450FD9', '2019-04-26 15:49:07', 'TE9265E7112F94A9A9898FD10', '2019-04-28 16:48:09', 'TE9265E7112F94A9A9898FD10', '666', '666', '670', TO_DATE('2019-04-28 00:00:00', 'YYYY-MM-DD HH24:MI:SS'), 'T46576421175A463FAA7A664D', 'TE9265E7112F94A9A9898FD10', 'TBF5AAE210374495DADF16C61', null, null, '未完', null, null, null, null, null, null, null, '宇航能力管理处', '武健', '马强', null, null, null, null, null, null, null, null, null, null, null, '否', null, '是', null, null, null, '666', '670', '未提交', '2019', '05', '201905', '0101160703');
INSERT INTO "ATP"."V_MONTHTODOINFO_VERSION" VALUES ('T5F65821944C742CD9F52F3A9', '2019-04-26 15:49:07', 'TE9265E7112F94A9A9898FD10', '2019-04-28 16:48:00', 'TE9265E7112F94A9A9898FD10', '666', '666', '669', TO_DATE('2019-04-27 00:00:00', 'YYYY-MM-DD HH24:MI:SS'), 'T46576421175A463FAA7A664D', 'TE9265E7112F94A9A9898FD10', 'TBF5AAE210374495DADF16C61', null, null, '未完', null, null, null, null, null, null, null, '宇航能力管理处', '武健', '马强', null, null, null, null, null, null, null, null, null, null, null, '否', null, '是', null, null, null, '666', '669', '未提交', '2019', '05', '201905', '0101160703');
INSERT INTO "ATP"."V_MONTHTODOINFO_VERSION" VALUES ('T5D03CAD2ACD94A1EB35C87E9', '2019-04-26 15:49:07', 'TE9265E7112F94A9A9898FD10', '2019-04-28 16:47:52', 'TE9265E7112F94A9A9898FD10', '666', '666', '668', TO_DATE('2019-04-26 00:00:00', 'YYYY-MM-DD HH24:MI:SS'), 'T46576421175A463FAA7A664D', 'TE9265E7112F94A9A9898FD10', 'TBF5AAE210374495DADF16C61', null, null, '未完', null, null, null, null, null, null, null, '宇航能力管理处', '武健', '马强', null, null, null, null, null, null, null, null, null, null, null, '否', null, '是', null, null, null, '666', '668', '未提交', '2019', '05', '201905', '0101160703');
INSERT INTO "ATP"."V_MONTHTODOINFO_VERSION" VALUES ('T718DE12E8DEA47698F2143EF', '2019-04-28 08:56:45', 'TE9265E7112F94A9A9898FD10', null, null, '5555', '5555', '5555', TO_DATE('2019-04-29 00:00:00', 'YYYY-MM-DD HH24:MI:SS'), 'T633531D3E0DD4F9BA9EA0630', 'TA745D48E9CEB48BCB59DA022', 'T4EB0A60A9A994EBFBD4588DB', null, null, '未完', null, null, null, null, null, null, null, '五院月球和深空探测领域办公室', '李睿', '张弩', null, null, null, null, null, null, null, null, null, null, null, '否', null, '否', null, null, null, '5555', '555', '未提交', '2019', '05', '201905', '0101160706');
INSERT INTO "ATP"."V_MONTHTODOINFO_VERSION" VALUES ('T67226E7558894955B73F2B57', '2019-04-29 13:54:36', 'TE9265E7112F94A9A9898FD10', '2019-04-29 13:55:41', 'TE9265E7112F94A9A9898FD10', 'sdfsdfs', 'sdfsdfds', null, TO_DATE('2019-04-29 00:00:00', 'YYYY-MM-DD HH24:MI:SS'), null, 'TE9265E7112F94A9A9898FD10', 'TBF5AAE210374495DADF16C61', null, null, '未完', null, null, null, null, null, null, null, null, '武健', '马强', null, null, null, null, null, null, null, null, null, null, null, '否', null, '是', null, null, null, 'sfsdfds', null, '未提交', '2019', '05', '201905', null);

-- ----------------------------
-- Table structure for V_QUALITYPROBLEM_VERSION
-- ----------------------------
DROP TABLE "ATP"."V_QUALITYPROBLEM_VERSION";
CREATE TABLE "ATP"."V_QUALITYPROBLEM_VERSION" (
"QP_ID" VARCHAR2(100 BYTE) NOT NULL ,
"QP_CREATETIME" VARCHAR2(100 BYTE) NULL ,
"QP_CREATEUSER" VARCHAR2(100 BYTE) NULL ,
"QP_LASTMODIFYTIME" VARCHAR2(100 BYTE) NULL ,
"QP_LASTMODIFYUSER" VARCHAR2(100 BYTE) NULL ,
"QP_NAME" VARCHAR2(500 BYTE) NULL ,
"QP_FSDATE" DATE NULL ,
"QP_UNITID" VARCHAR2(200 BYTE) NULL ,
"QP_GLDATE" DATE NULL ,
"QP_RANGE" VARCHAR2(1000 BYTE) NULL ,
"QP_PROCESS" VARCHAR2(1000 BYTE) NULL ,
"QP_STATUS" VARCHAR2(200 BYTE) NULL ,
"QP_REMARK" VARCHAR2(500 BYTE) NULL ,
"QP_SATNAME" VARCHAR2(500 BYTE) NULL ,
"QP_UNITNAME" VARCHAR2(500 BYTE) NULL ,
"QP_PLANGLDATE" DATE NULL ,
"QP_ISHISTORY" VARCHAR2(10 BYTE) NULL ,
"UNITNAME" VARCHAR2(200 BYTE) NULL ,
"VERSION" VARCHAR2(6 BYTE) NULL ,
"ORGSORT" VARCHAR2(100 BYTE) NULL 
)
NOLOGGING
NOCOMPRESS
NOCACHE

;

-- ----------------------------
-- Records of V_QUALITYPROBLEM_VERSION
-- ----------------------------
INSERT INTO "ATP"."V_QUALITYPROBLEM_VERSION" VALUES ('TE96A9B83C65D41D8B3B1A4AC', '2019-03-27 13:57:33', 'TE9265E7112F94A9A9898FD10', '2019-04-25 13:40:53', 'TE9265E7112F94A9A9898FD10', '按时大噶空间上的刚好看见俺还是的看见俺还是看到就哈市看见的很快就爱上大公司的就噶是都很高科技', TO_DATE('2019-03-17 00:00:00', 'YYYY-MM-DD HH24:MI:SS'), null, TO_DATE('2019-03-05 00:00:00', 'YYYY-MM-DD HH24:MI:SS'), '按时大空间上的很快就爱上的看见俺说的空间还看见俺说的', '127按时大路口时都很辣看上的空间按格式的哈公司的空间哈时间快点哈说的噶说过的就爱说过', null, null, '127', '127', TO_DATE('2019-03-17 00:00:00', 'YYYY-MM-DD HH24:MI:SS'), '是', null, '201905', null);
INSERT INTO "ATP"."V_QUALITYPROBLEM_VERSION" VALUES ('T8F9F07B19EC947639BF96D41', '2019-04-25 15:56:23', 'TE9265E7112F94A9A9898FD10', null, null, '123', TO_DATE('2019-04-10 00:00:00', 'YYYY-MM-DD HH24:MI:SS'), null, TO_DATE('2019-04-25 00:00:00', 'YYYY-MM-DD HH24:MI:SS'), '1123', '123', null, null, '123', '123', TO_DATE('2019-04-12 00:00:00', 'YYYY-MM-DD HH24:MI:SS'), '是', null, '201905', null);
INSERT INTO "ATP"."V_QUALITYPROBLEM_VERSION" VALUES ('T987778967D0F4AB1B6E795A1', '2019-04-25 15:56:23', 'TE9265E7112F94A9A9898FD10', null, null, '123', TO_DATE('2019-04-10 00:00:00', 'YYYY-MM-DD HH24:MI:SS'), null, TO_DATE('2019-04-25 00:00:00', 'YYYY-MM-DD HH24:MI:SS'), '1123', '123', null, null, '123', '123', TO_DATE('2019-04-12 00:00:00', 'YYYY-MM-DD HH24:MI:SS'), '是', null, '201905', null);
INSERT INTO "ATP"."V_QUALITYPROBLEM_VERSION" VALUES ('TBB03514C2105483DBBE7DBE4', '2019-04-25 15:56:23', 'TE9265E7112F94A9A9898FD10', null, null, '123', TO_DATE('2019-04-10 00:00:00', 'YYYY-MM-DD HH24:MI:SS'), null, TO_DATE('2019-04-25 00:00:00', 'YYYY-MM-DD HH24:MI:SS'), '1123', '123', null, null, '123', '123', TO_DATE('2019-04-12 00:00:00', 'YYYY-MM-DD HH24:MI:SS'), '是', null, '201905', null);

-- ----------------------------
-- Table structure for V_UNITTODOINFO_VERSION
-- ----------------------------
DROP TABLE "ATP"."V_UNITTODOINFO_VERSION";
CREATE TABLE "ATP"."V_UNITTODOINFO_VERSION" (
"UTD_ID" VARCHAR2(100 BYTE) NOT NULL ,
"UTD_CREATETIME" VARCHAR2(100 BYTE) NULL ,
"UTD_CREATEUSER" VARCHAR2(100 BYTE) NULL ,
"UTD_LASTMODIFYTIME" VARCHAR2(100 BYTE) NULL ,
"UTD_LASTMODIFYUSER" VARCHAR2(100 BYTE) NULL ,
"UTD_NAME" VARCHAR2(200 BYTE) NULL ,
"UTD_FINISHTYPE" VARCHAR2(100 BYTE) NULL ,
"UTD_PLANFINISHDATE" DATE NULL ,
"UTD_KYBLEADERID" VARCHAR2(100 BYTE) NULL ,
"UTD_KYBUNITID" VARCHAR2(100 BYTE) NULL ,
"UTD_KYBCHARGEMANID" VARCHAR2(100 BYTE) NULL ,
"STATUS" VARCHAR2(6 BYTE) NULL ,
"UTD_FINISHTIME" DATE NULL ,
"UTD_FINISHRESULT" VARCHAR2(500 BYTE) NULL ,
"UTD_FINISHMANID" VARCHAR2(100 BYTE) NULL ,
"UTD_CONFIRMTIME" DATE NULL ,
"UTD_CONFIRMRESULT" VARCHAR2(500 BYTE) NULL ,
"UTD_CONFIRMMANID" VARCHAR2(100 BYTE) NULL ,
"UTD_REMARK" VARCHAR2(500 BYTE) NULL ,
"UTD_KYBLEADER" VARCHAR2(100 BYTE) NULL ,
"UTD_KYBUNIT" VARCHAR2(200 BYTE) NULL ,
"UTD_KYBCHARGEMAN" VARCHAR2(100 BYTE) NULL ,
"UTD_FINISHMAN" VARCHAR2(100 BYTE) NULL ,
"UTD_CONFIRMMAN" VARCHAR2(100 BYTE) NULL ,
"UTD_MODIFYTIME" DATE NULL ,
"UTD_MODIFYRESULT" VARCHAR2(500 BYTE) NULL ,
"UTD_MODIFYMANID" VARCHAR2(100 BYTE) NULL ,
"UTD_MODIFYMAN" VARCHAR2(100 BYTE) NULL ,
"UTD_CANCELTIME" DATE NULL ,
"UTD_CANCELRESULT" VARCHAR2(500 BYTE) NULL ,
"UTD_CANCELMANID" VARCHAR2(100 BYTE) NULL ,
"UTD_CANCELMAN" VARCHAR2(100 BYTE) NULL ,
"UTD_ISCANCEL" VARCHAR2(10 BYTE) NULL ,
"UTD_MODIFYFINISHDATE" DATE NULL ,
"UTD_ISPUBLISH" VARCHAR2(10 BYTE) NULL ,
"UTD_BACKCOMMENT" VARCHAR2(500 BYTE) NULL ,
"UTD_MEETNAME" VARCHAR2(500 BYTE) NULL ,
"UTD_FLOWSTATUS" VARCHAR2(200 BYTE) NULL ,
"VERSION" VARCHAR2(6 BYTE) NULL ,
"ORGSORT" VARCHAR2(100 BYTE) NULL 
)
NOLOGGING
NOCOMPRESS
NOCACHE

;

-- ----------------------------
-- Records of V_UNITTODOINFO_VERSION
-- ----------------------------
INSERT INTO "ATP"."V_UNITTODOINFO_VERSION" VALUES ('T0CCEBED3E576421E8584E391', '2019-03-19 10:29:33', 'TE9265E7112F94A9A9898FD10', '2019-04-28 16:27:27', 'TE9265E7112F94A9A9898FD10', '待办事项11爱222', '123', TO_DATE('2019-04-26 00:00:00', 'YYYY-MM-DD HH24:MI:SS'), 'TD7B2CEC0C8174F1481E26F16', null, 'TE3A8039D1EB14A2F853073B7', '已完', TO_DATE('2019-03-20 00:00:00', 'YYYY-MM-DD HH24:MI:SS'), '1127', 'TE9265E7112F94A9A9898FD10', TO_DATE('2019-03-19 00:00:00', 'YYYY-MM-DD HH24:MI:SS'), null, 'TE9265E7112F94A9A9898FD10', '上传', '李大明', '科研综合处', '赵毅', '武健', '武健', null, null, null, null, null, null, null, null, '否', null, '否', null, null, '进行中', '201905', '0101160701');

-- ----------------------------
-- Table structure for V_WYTODOINFO_VERSION
-- ----------------------------
DROP TABLE "ATP"."V_WYTODOINFO_VERSION";
CREATE TABLE "ATP"."V_WYTODOINFO_VERSION" (
"TD_ID" VARCHAR2(100 BYTE) NOT NULL ,
"TD_CREATETIME" VARCHAR2(100 BYTE) NULL ,
"TD_CREATEUSER" VARCHAR2(100 BYTE) NULL ,
"TD_LASTMODIFYTIME" VARCHAR2(100 BYTE) NULL ,
"TD_LASTMODIFYUSER" VARCHAR2(100 BYTE) NULL ,
"TD_MEETID" VARCHAR2(100 BYTE) NULL ,
"MEETNAME" VARCHAR2(200 BYTE) NULL ,
"MEETTYPE" VARCHAR2(200 BYTE) NULL ,
"MEETDATE" DATE NULL ,
"TD_NAME" VARCHAR2(200 BYTE) NULL ,
"TD_UNITID" VARCHAR2(100 BYTE) NULL ,
"TD_PLANFINISHDATE" DATE NULL ,
"TD_PLANFINISHRESULT" VARCHAR2(500 BYTE) NULL ,
"TD_KYBUNITID" VARCHAR2(100 BYTE) NULL ,
"STATUS" VARCHAR2(6 BYTE) NULL ,
"TD_FINISHTIME" DATE NULL ,
"TD_FINISHRESULT" VARCHAR2(500 BYTE) NULL ,
"TD_CONFIRMTIME" DATE NULL ,
"TD_CONFIRMRESULT" VARCHAR2(500 BYTE) NULL ,
"TD_REMARK" VARCHAR2(500 BYTE) NULL ,
"TD_KYBLEADERID" VARCHAR2(100 BYTE) NULL ,
"TD_KYBCHARGEMANID" VARCHAR2(100 BYTE) NULL ,
"TD_FINISHTYPE" VARCHAR2(100 BYTE) NULL ,
"TD_FINISHMANID" VARCHAR2(100 BYTE) NULL ,
"TD_CONFIRMMANID" VARCHAR2(100 BYTE) NULL ,
"TD_UNIT" VARCHAR2(200 BYTE) NULL ,
"TD_KYBUNIT" VARCHAR2(200 BYTE) NULL ,
"TD_KYBLEADER" VARCHAR2(100 BYTE) NULL ,
"TD_KYBCHARGEMAN" VARCHAR2(100 BYTE) NULL ,
"TD_FINISHMAN" VARCHAR2(100 BYTE) NULL ,
"TD_CONFIRMMAN" VARCHAR2(100 BYTE) NULL ,
"TD_MODIFYTIME" DATE NULL ,
"TD_MODIFYRESULT" VARCHAR2(500 BYTE) NULL ,
"TD_MODIFYMANID" VARCHAR2(100 BYTE) NULL ,
"TD_MODIFYMAN" VARCHAR2(100 BYTE) NULL ,
"TD_CANCELTIME" DATE NULL ,
"TD_CANCELRESULT" VARCHAR2(500 BYTE) NULL ,
"TD_CANCELMANID" VARCHAR2(100 BYTE) NULL ,
"TD_CANCELMAN" VARCHAR2(100 BYTE) NULL ,
"TD_ISCANCEL" VARCHAR2(10 BYTE) NULL ,
"TD_MODIFYFINISHDATE" DATE NULL ,
"TD_ISPUBLISH" VARCHAR2(10 BYTE) NULL ,
"TD_BACKCOMMENT" VARCHAR2(500 BYTE) NULL ,
"TD_FLOWSTATUS" VARCHAR2(200 BYTE) NULL ,
"YEAR" VARCHAR2(4 BYTE) NULL ,
"MONTH" VARCHAR2(2 BYTE) NULL ,
"VERSION" VARCHAR2(6 BYTE) NULL ,
"ORGSORT" VARCHAR2(100 BYTE) NULL 
)
NOLOGGING
NOCOMPRESS
NOCACHE

;

-- ----------------------------
-- Records of V_WYTODOINFO_VERSION
-- ----------------------------
INSERT INTO "ATP"."V_WYTODOINFO_VERSION" VALUES ('T0AF6EB82DF43425F9EE3526D', '2019-04-17 13:19:57', 'TE9265E7112F94A9A9898FD10', null, null, 'TB68922ED40D64BCAB1D1A5C1', '爱就打个卡就2', '上级管理活动', TO_DATE('2019-04-17 00:00:00', 'YYYY-MM-DD HH24:MI:SS'), 'asd', 'T1F16003CBFB84E6A83802151', TO_DATE('2019-04-16 00:00:00', 'YYYY-MM-DD HH24:MI:SS'), null, 'TBB26954FE625427EAF06C6E4', '未完', null, null, null, null, null, 'TD7B2CEC0C8174F1481E26F16', 'TE38E9D2E573648CDABE83048', null, null, null, '通信卫星事业部', '科研综合处', '李大明', '赫荣伟', null, null, null, null, null, null, null, null, null, null, '否', null, '否', null, '未提交', '2019', '04', '201904', '0101160701');
INSERT INTO "ATP"."V_WYTODOINFO_VERSION" VALUES ('TE9172E72E24E4D7DAAEA7D96', '2019-03-26 14:27:37', 'TE9265E7112F94A9A9898FD10', null, null, 'T0C72B0B6BD0A4F53BB46C96A', '123123', '上级管理活动', TO_DATE('2019-03-21 00:00:00', 'YYYY-MM-DD HH24:MI:SS'), '123', 'T7B7D717264684010A30A7F46', TO_DATE('2019-03-28 00:00:00', 'YYYY-MM-DD HH24:MI:SS'), null, 'TBB26954FE625427EAF06C6E4', '未完', TO_DATE('2019-04-28 00:00:00', 'YYYY-MM-DD HH24:MI:SS'), null, null, null, null, 'TD7B2CEC0C8174F1481E26F16', 'TE38E9D2E573648CDABE83048', null, 'T7F95CE56D1694C41B5063B71', null, '总体部', '科研综合处', '李大明', '赫荣伟', '纪炜', null, null, null, null, null, null, null, null, null, '否', null, '否', null, '已提交', '2019', '04', '201904', '0101160701');
INSERT INTO "ATP"."V_WYTODOINFO_VERSION" VALUES ('T2364399807234B1D8B7CDEC6', '2019-04-01 09:29:46', 'TE9265E7112F94A9A9898FD10', '2019-04-17 14:29:32', 'TE9265E7112F94A9A9898FD10', 'T0C72B0B6BD0A4F53BB46C96A', '123123', '上级管理活动', TO_DATE('2019-03-21 00:00:00', 'YYYY-MM-DD HH24:MI:SS'), '123123123123', 'T7B7D717264684010A30A7F46', TO_DATE('2019-04-19 00:00:00', 'YYYY-MM-DD HH24:MI:SS'), null, 'TBB26954FE625427EAF06C6E4', '未完', null, null, null, null, null, 'TD7B2CEC0C8174F1481E26F16', 'T3BE6831644F94F8891ADD258', null, 'TE9265E7112F94A9A9898FD10', 'TE9265E7112F94A9A9898FD10', '总体部', '科研综合处', '李大明', '杨晨', '武健', '武健', null, null, null, null, null, null, null, null, '否', null, '否', 'asd', '被退回', '2019', '04', '201904', '0101160701');
INSERT INTO "ATP"."V_WYTODOINFO_VERSION" VALUES ('T88BD8DBBDEBF4369850B1289', '2019-04-17 13:20:15', 'TE9265E7112F94A9A9898FD10', '2019-04-17 14:29:36', 'TE9265E7112F94A9A9898FD10', 'T922604A24E0243309D47C455', '爱就打个卡就3', '上级管理活动', TO_DATE('2019-04-10 00:00:00', 'YYYY-MM-DD HH24:MI:SS'), 'asd', 'T7B7D717264684010A30A7F46', TO_DATE('2019-04-25 00:00:00', 'YYYY-MM-DD HH24:MI:SS'), null, 'TBB26954FE625427EAF06C6E4', '已完', TO_DATE('2019-04-17 00:00:00', 'YYYY-MM-DD HH24:MI:SS'), null, TO_DATE('2019-04-28 00:00:00', 'YYYY-MM-DD HH24:MI:SS'), null, null, 'TD7B2CEC0C8174F1481E26F16', 'T3BE6831644F94F8891ADD258', null, 'TE9265E7112F94A9A9898FD10', 'TD7B2CEC0C8174F1481E26F16', '总体部', '科研综合处', '李大明', '杨晨', '武健', '李大明', null, null, null, null, null, null, null, null, '否', null, '否', null, '已确认', '2019', '04', '201904', '0101160701');
INSERT INTO "ATP"."V_WYTODOINFO_VERSION" VALUES ('TA148681F87F449A68A1B977E', '2019-03-27 14:02:52', 'TE9265E7112F94A9A9898FD10', null, null, 'TEB7EE0854CD74B4D93B35301', '爱就打个卡就上的建安公司电话噶电话噶就说过的就会更加爱很高的时间和爱上打开时间都很卡就是的看见爱上爱仕达', '上级管理活动', TO_DATE('2019-03-21 00:00:00', 'YYYY-MM-DD HH24:MI:SS'), '爱仕达121', 'T1F16003CBFB84E6A83802151', TO_DATE('2019-04-08 00:00:00', 'YYYY-MM-DD HH24:MI:SS'), null, 'TC8D11942CCC7485D912BC9B4', '未完', null, null, null, null, null, 'TD7B2CEC0C8174F1481E26F16', 'TE38E9D2E573648CDABE83048', null, null, null, '通信卫星事业部', '宇航任务管理处', '李大明', '赫荣伟', null, null, null, null, null, null, null, null, null, null, '否', null, '否', null, '未提交', '2019', '04', '201904', '0101160702');
INSERT INTO "ATP"."V_WYTODOINFO_VERSION" VALUES ('T9E4B84F47EC74DCDADA6F0EF', '2019-03-27 14:02:52', 'TE9265E7112F94A9A9898FD10', null, null, 'TEB7EE0854CD74B4D93B35301', '爱就打个卡就上的建安公司电话噶电话噶就说过的就会更加爱很高的时间和爱上打开时间都很卡就是的看见爱上爱仕达', '上级管理活动', TO_DATE('2019-03-21 00:00:00', 'YYYY-MM-DD HH24:MI:SS'), '爱仕达120', 'T1F16003CBFB84E6A83802151', TO_DATE('2019-04-07 00:00:00', 'YYYY-MM-DD HH24:MI:SS'), null, 'TC8D11942CCC7485D912BC9B4', '未完', null, null, null, null, null, 'TD7B2CEC0C8174F1481E26F16', 'TE38E9D2E573648CDABE83048', null, null, null, '通信卫星事业部', '宇航任务管理处', '李大明', '赫荣伟', null, null, null, null, null, null, null, null, null, null, '否', null, '否', null, '未提交', '2019', '04', '201904', '0101160702');
INSERT INTO "ATP"."V_WYTODOINFO_VERSION" VALUES ('TE5E418A417D8411BB8F822AD', '2019-03-27 14:02:52', 'TE9265E7112F94A9A9898FD10', null, null, 'TEB7EE0854CD74B4D93B35301', '爱就打个卡就上的建安公司电话噶电话噶就说过的就会更加爱很高的时间和爱上打开时间都很卡就是的看见爱上爱仕达', '上级管理活动', TO_DATE('2019-03-21 00:00:00', 'YYYY-MM-DD HH24:MI:SS'), '爱仕达119', 'T1F16003CBFB84E6A83802151', TO_DATE('2019-04-06 00:00:00', 'YYYY-MM-DD HH24:MI:SS'), null, 'TC8D11942CCC7485D912BC9B4', '未完', null, null, null, null, null, 'TD7B2CEC0C8174F1481E26F16', 'TE38E9D2E573648CDABE83048', null, null, null, '通信卫星事业部', '宇航任务管理处', '李大明', '赫荣伟', null, null, null, null, null, null, null, null, null, null, '否', null, '否', null, '未提交', '2019', '04', '201904', '0101160702');
INSERT INTO "ATP"."V_WYTODOINFO_VERSION" VALUES ('T2E820DB02DB144E58767BB8B', '2019-03-27 14:02:52', 'TE9265E7112F94A9A9898FD10', '2019-04-17 14:29:50', 'TE9265E7112F94A9A9898FD10', 'T83F96B2AEFD544AD9FB9DFAF', '0000', '临时管理活动', TO_DATE('2019-03-30 00:00:00', 'YYYY-MM-DD HH24:MI:SS'), '00000000', 'T7B7D717264684010A30A7F46', TO_DATE('2019-04-05 00:00:00', 'YYYY-MM-DD HH24:MI:SS'), null, 'TC8D11942CCC7485D912BC9B4', '未完', TO_DATE('2019-04-29 00:00:00', 'YYYY-MM-DD HH24:MI:SS'), null, null, null, null, 'TD7B2CEC0C8174F1481E26F16', 'TE38E9D2E573648CDABE83048', null, 'TE38E9D2E573648CDABE83048', 'TE9265E7112F94A9A9898FD10', '总体部', '宇航任务管理处', '李大明', '赫荣伟', '赫荣伟', '武健', TO_DATE('2019-04-02 00:00:00', 'YYYY-MM-DD HH24:MI:SS'), 'asdasd', 'TE9265E7112F94A9A9898FD10', '武健', null, null, null, null, '否', TO_DATE('2019-04-24 00:00:00', 'YYYY-MM-DD HH24:MI:SS'), '否', 'asdasd', '已提交', '2019', '04', '201904', '0101160702');
INSERT INTO "ATP"."V_WYTODOINFO_VERSION" VALUES ('TD9A832B4C2DA49CCA4D6B212', '2019-03-27 14:02:52', 'TE9265E7112F94A9A9898FD10', null, null, 'TEB7EE0854CD74B4D93B35301', '爱就打个卡就上的建安公司电话噶电话噶就说过的就会更加爱很高的时间和爱上打开时间都很卡就是的看见爱上爱仕达', '上级管理活动', TO_DATE('2019-03-21 00:00:00', 'YYYY-MM-DD HH24:MI:SS'), '爱仕达117', 'T1F16003CBFB84E6A83802151', TO_DATE('2019-04-04 00:00:00', 'YYYY-MM-DD HH24:MI:SS'), null, 'TC8D11942CCC7485D912BC9B4', '未完', null, null, null, null, null, 'TD7B2CEC0C8174F1481E26F16', 'TE38E9D2E573648CDABE83048', null, null, null, '通信卫星事业部', '宇航任务管理处', '李大明', '赫荣伟', null, null, null, null, null, null, null, null, null, null, '否', null, '否', null, '未提交', '2019', '04', '201904', '0101160702');
INSERT INTO "ATP"."V_WYTODOINFO_VERSION" VALUES ('TF3791BC37C4442AF947F04EA', '2019-03-27 14:02:52', 'TE9265E7112F94A9A9898FD10', null, null, 'TEB7EE0854CD74B4D93B35301', '爱就打个卡就上的建安公司电话噶电话噶就说过的就会更加爱很高的时间和爱上打开时间都很卡就是的看见爱上爱仕达', '上级管理活动', TO_DATE('2019-03-21 00:00:00', 'YYYY-MM-DD HH24:MI:SS'), '爱仕达115', 'T1F16003CBFB84E6A83802151', TO_DATE('2019-04-02 00:00:00', 'YYYY-MM-DD HH24:MI:SS'), null, 'TC8D11942CCC7485D912BC9B4', '未完', null, null, null, null, null, 'TD7B2CEC0C8174F1481E26F16', 'TE38E9D2E573648CDABE83048', null, null, null, '通信卫星事业部', '宇航任务管理处', '李大明', '赫荣伟', null, null, null, null, null, null, null, null, null, null, '否', null, '否', null, '未提交', '2019', '04', '201904', '0101160702');
INSERT INTO "ATP"."V_WYTODOINFO_VERSION" VALUES ('T9454CC49FC12464D88C3B8B2', '2019-03-27 14:02:52', 'TE9265E7112F94A9A9898FD10', null, null, 'TEB7EE0854CD74B4D93B35301', '爱就打个卡就上的建安公司电话噶电话噶就说过的就会更加爱很高的时间和爱上打开时间都很卡就是的看见爱上爱仕达', '上级管理活动', TO_DATE('2019-03-21 00:00:00', 'YYYY-MM-DD HH24:MI:SS'), '爱仕达114', 'T1F16003CBFB84E6A83802151', TO_DATE('2019-04-01 00:00:00', 'YYYY-MM-DD HH24:MI:SS'), null, 'TC8D11942CCC7485D912BC9B4', '未完', null, null, null, null, null, 'TD7B2CEC0C8174F1481E26F16', 'TE38E9D2E573648CDABE83048', null, null, null, '通信卫星事业部', '宇航任务管理处', '李大明', '赫荣伟', null, null, null, null, null, null, null, null, null, null, '否', null, '否', null, '未提交', '2019', '04', '201904', '0101160702');
INSERT INTO "ATP"."V_WYTODOINFO_VERSION" VALUES ('TBAC81279D6DB42F58609D8CC', '2019-03-27 14:02:52', 'TE9265E7112F94A9A9898FD10', null, null, 'TEB7EE0854CD74B4D93B35301', '爱就打个卡就上的建安公司电话噶电话噶就说过的就会更加爱很高的时间和爱上打开时间都很卡就是的看见爱上爱仕达', '上级管理活动', TO_DATE('2019-03-21 00:00:00', 'YYYY-MM-DD HH24:MI:SS'), '爱仕达112', 'T1F16003CBFB84E6A83802151', TO_DATE('2019-03-30 00:00:00', 'YYYY-MM-DD HH24:MI:SS'), null, 'TC8D11942CCC7485D912BC9B4', '未完', null, null, null, null, null, 'TD7B2CEC0C8174F1481E26F16', 'TE38E9D2E573648CDABE83048', null, null, null, '通信卫星事业部', '宇航任务管理处', '李大明', '赫荣伟', null, null, null, null, null, null, null, null, null, null, '否', null, '否', null, '未提交', '2019', '04', '201904', '0101160702');
INSERT INTO "ATP"."V_WYTODOINFO_VERSION" VALUES ('T8DC1E9798FCB487B816C39DF', '2019-03-27 14:02:52', 'TE9265E7112F94A9A9898FD10', '2019-04-17 14:29:45', 'TE9265E7112F94A9A9898FD10', 'TEB7EE0854CD74B4D93B35301', '爱就打个卡就上的建安公司电话噶电话噶就说过的就会更加爱很高的时间和爱上打开时间都很卡就是的看见爱上爱仕达', '上级管理活动', TO_DATE('2019-03-21 00:00:00', 'YYYY-MM-DD HH24:MI:SS'), '爱仕达111', 'T7B7D717264684010A30A7F46', TO_DATE('2019-03-29 00:00:00', 'YYYY-MM-DD HH24:MI:SS'), null, 'TC8D11942CCC7485D912BC9B4', '未完', null, null, null, null, null, 'TD7B2CEC0C8174F1481E26F16', 'TE38E9D2E573648CDABE83048', null, null, null, '总体部', '宇航任务管理处', '李大明', '赫荣伟', null, null, TO_DATE('2019-04-02 00:00:00', 'YYYY-MM-DD HH24:MI:SS'), null, 'TE9265E7112F94A9A9898FD10', '武健', null, null, null, null, '否', TO_DATE('2019-04-20 00:00:00', 'YYYY-MM-DD HH24:MI:SS'), '否', null, '未提交', '2019', '04', '201904', '0101160702');
INSERT INTO "ATP"."V_WYTODOINFO_VERSION" VALUES ('TC40A2BEE87D94F0E8CBF199B', '2019-03-27 09:30:33', 'TE9265E7112F94A9A9898FD10', null, null, 'TA748BF2F6B7C49B099AEFA5B', '爱就打个卡就', '上级管理活动', TO_DATE('2019-03-21 00:00:00', 'YYYY-MM-DD HH24:MI:SS'), '8888', 'T3B52B6C93A21403B8DD65395', TO_DATE('2019-03-31 00:00:00', 'YYYY-MM-DD HH24:MI:SS'), null, 'TC8D11942CCC7485D912BC9B4', '未完', null, null, null, null, null, 'TD7B2CEC0C8174F1481E26F16', 'T3BE6831644F94F8891ADD258', null, null, null, '总装与环境工程部', '宇航任务管理处', '李大明', '杨晨', null, null, null, null, null, null, null, null, null, null, '否', null, '否', null, '未提交', '2019', '04', '201904', '0101160702');
INSERT INTO "ATP"."V_WYTODOINFO_VERSION" VALUES ('T7EE83B4AF9DC454BB43E68D4', '2019-03-27 09:30:11', 'TE9265E7112F94A9A9898FD10', '2019-04-17 14:29:59', 'TE9265E7112F94A9A9898FD10', 'TEB7EE0854CD74B4D93B35301', '爱就打个卡就上的建安公司电话噶电话噶就说过的就会更加爱很高的时间和爱上打开时间都很卡就是的看见爱上爱仕达', '上级管理活动', TO_DATE('2019-03-21 00:00:00', 'YYYY-MM-DD HH24:MI:SS'), '爱仕达111', 'T7B7D717264684010A30A7F46', TO_DATE('2019-03-29 00:00:00', 'YYYY-MM-DD HH24:MI:SS'), null, 'TC8D11942CCC7485D912BC9B4', '未完', TO_DATE('2019-04-28 00:00:00', 'YYYY-MM-DD HH24:MI:SS'), null, null, null, null, 'TD7B2CEC0C8174F1481E26F16', 'TE38E9D2E573648CDABE83048', null, 'T7F95CE56D1694C41B5063B71', null, '总体部', '宇航任务管理处', '李大明', '赫荣伟', '纪炜', null, null, null, null, null, null, null, null, null, '否', null, '否', null, '已提交', '2019', '04', '201904', '0101160702');
INSERT INTO "ATP"."V_WYTODOINFO_VERSION" VALUES ('TE589E755A3C541AE8B27BBF1', '2019-03-27 09:28:20', 'TE9265E7112F94A9A9898FD10', '2019-04-28 08:51:02', 'TE9265E7112F94A9A9898FD10', 'T0C72B0B6BD0A4F53BB46C96A', '123123', '上级管理活动', TO_DATE('2019-03-21 00:00:00', 'YYYY-MM-DD HH24:MI:SS'), '按时大上大', 'T7B7D717264684010A30A7F46', TO_DATE('2019-03-29 00:00:00', 'YYYY-MM-DD HH24:MI:SS'), null, 'T46576421175A463FAA7A664D', '已完', TO_DATE('2019-04-28 00:00:00', 'YYYY-MM-DD HH24:MI:SS'), null, TO_DATE('2019-04-28 00:00:00', 'YYYY-MM-DD HH24:MI:SS'), null, null, 'TD7B2CEC0C8174F1481E26F16', 'TE9265E7112F94A9A9898FD10', null, 'TE9265E7112F94A9A9898FD10', 'TD7B2CEC0C8174F1481E26F16', '总体部', '宇航能力管理处', '李大明', '武健', '武健', '李大明', null, null, null, null, null, null, null, null, '否', null, '否', null, '已确认', '2019', '04', '201904', '0101160703');
INSERT INTO "ATP"."V_WYTODOINFO_VERSION" VALUES ('T2ED95ACA338B49B59FDB6464', '2019-03-27 14:02:52', 'TE9265E7112F94A9A9898FD10', '2019-04-01 15:43:19', 'TE9265E7112F94A9A9898FD10', 'T9E2D5EFF8D0D46C8A7C1469D', '789请问', '上级管理活动', TO_DATE('2019-03-29 00:00:00', 'YYYY-MM-DD HH24:MI:SS'), '986666', 'T7B7D717264684010A30A7F46', TO_DATE('2019-04-09 00:00:00', 'YYYY-MM-DD HH24:MI:SS'), null, 'T0F383FF2C8FB4132A78B4446', '已完', TO_DATE('2019-04-02 00:00:00', 'YYYY-MM-DD HH24:MI:SS'), null, TO_DATE('2019-04-02 00:00:00', 'YYYY-MM-DD HH24:MI:SS'), null, null, 'TBF5AAE210374495DADF16C61', 'TE38E9D2E573648CDABE83048', null, 'TE9265E7112F94A9A9898FD10', 'TE9265E7112F94A9A9898FD10', '总体部', '航天器运行管理处', '马强', '赫荣伟', '武健', '武健', null, null, null, null, null, null, null, null, '否', null, '否', null, '已确认', '2019', '04', '201904', '0101160705');
INSERT INTO "ATP"."V_WYTODOINFO_VERSION" VALUES ('T1F4C3E8412C94C248E09740A', '2019-03-27 14:02:52', 'TE9265E7112F94A9A9898FD10', '2019-04-17 14:29:55', 'TE9265E7112F94A9A9898FD10', 'T0C72B0B6BD0A4F53BB46C96A', '123123', '上级管理活动', TO_DATE('2019-03-21 00:00:00', 'YYYY-MM-DD HH24:MI:SS'), 'sss123', 'T7B7D717264684010A30A7F46', TO_DATE('2019-04-27 00:00:00', 'YYYY-MM-DD HH24:MI:SS'), null, 'T46576421175A463FAA7A664D', '未完', null, null, null, null, null, 'TD7B2CEC0C8174F1481E26F16', 'T3BE6831644F94F8891ADD258', null, 'TE9265E7112F94A9A9898FD10', 'TE9265E7112F94A9A9898FD10', '总体部', '宇航能力管理处', '李大明', '杨晨', '武健', '武健', TO_DATE('2019-04-02 00:00:00', 'YYYY-MM-DD HH24:MI:SS'), 'asd ', 'TE9265E7112F94A9A9898FD10', '武健', null, null, null, null, '否', TO_DATE('2019-04-18 00:00:00', 'YYYY-MM-DD HH24:MI:SS'), '否', '123', '被退回', '2019', '05', '201905', '0101160703');





-- ----------------------------
-- View structure for V_SYSUSER
-- ----------------------------
CREATE OR REPLACE FORCE VIEW "ATP"."V_SYSUSER" AS 
select "USER_ID","USER_REALUSERNAME","USER_NAME","USER_PASSWORD","USER_ROLE","USER_SECRETLEVEL","USER_ORGID","USER_ENABLE","USER_ISSYSTEM","USER_SECRETLEVELCODE","USER_FIRSTUSE","USER_PASSWORDLASTMODIFYTIME","USER_PASSWORDERRORNUM","USER_PASSWORDERRORTIME","USER_CREATETIME","USER_CREATEUSER","USER_LASTMODIFYTIME","USER_LASTMODIFYUSER","USER_FROZENTIME","USER_ISDELETE","USER_SID","USER_IP","USER_SORT","ORG_ID","ORG_NAME","ORG_PID","ORG_FULLNAME","ORG_FULLNUM","ORG_DEPTH","ORG_CREATETIME","ORG_CREATEUSER","ORG_LASTMODIFYTIME","ORG_LASTMODIFYUSER","ORG_ISAVALIABLE","ORG_SID","ORG_TYPE","ORG_ISONLYSHOW" from SYSUSER t
inner join view_org o
on t.user_orgid = o.ORG_ID;


-- ----------------------------
-- View structure for V_USERROLE
-- ----------------------------
CREATE OR REPLACE FORCE VIEW "ATP"."V_USERROLE" AS 
select r.role_name,u.user_id,u.user_realusername,u.user_name,u.user_secretlevel from SYSROLE r
inner join userauth ua
on r.role_id=ua.ua_roleid
inner join sysuser u
on u.user_id=ua.ua_userid
where u.user_issystem<>'是' and u.user_isdelete<>1;


-- ----------------------------
-- View structure for VIEW_ORG
-- ----------------------------
CREATE OR REPLACE FORCE VIEW "ATP"."VIEW_ORG" AS 
select ORG_OUT."ORG_ID",
       ORG_OUT."ORG_NAME",
       ORG_OUT."ORG_PID",
       ORG_OUT."ORG_FULLNAME",
       ORG_OUT."ORG_FULLNUM",
       ORG_OUT."ORG_DEPTH",
       ORG_OUT."ORG_CREATETIME",
       ORG_OUT."ORG_CREATEUSER",
       ORG_OUT."ORG_LASTMODIFYTIME",
       ORG_OUT."ORG_LASTMODIFYUSER",
       ORG_OUT."ORG_ISAVALIABLE",
       ORG_OUT."ORG_SID",
       cast('外部组织' as nvarchar2(50)) org_type,
       '1' org_isonlyshow
  from ORG_OUT
union all
select org."ORG_ID",
       org."ORG_NAME",
       org."ORG_PID",
       org."ORG_FULLNAME",
       org."ORG_FULLNUM",
       org."ORG_DEPTH",
       org."ORG_CREATETIME",
       org."ORG_CREATEUSER",
       org."ORG_LASTMODIFYTIME",
       org."ORG_LASTMODIFYUSER",
       org."ORG_ISAVALIABLE",
       org."ORG_SID",
      cast('内部部门' as nvarchar2(50))  org_type,
       org_isonlyshow
  from org;

-- ----------------------------
-- Checks structure for table DIC
-- ----------------------------
ALTER TABLE "ATP"."DIC" ADD CHECK ("DIC_ID" IS NOT NULL);
ALTER TABLE "ATP"."DIC" ADD CHECK ("DIC_NAME" IS NOT NULL);
ALTER TABLE "ATP"."DIC" ADD CHECK ("DIC_VALUE" IS NOT NULL);
ALTER TABLE "ATP"."DIC" ADD CHECK ("DIC_TYPE" IS NOT NULL);

-- ----------------------------
-- Checks structure for table DIC_TYPE
-- ----------------------------
ALTER TABLE "ATP"."DIC_TYPE" ADD CHECK ("DIC_TYPE_ID" IS NOT NULL);

-- ----------------------------
-- Indexes structure for table FILEINFO
-- ----------------------------

-- ----------------------------
-- Checks structure for table FILEINFO
-- ----------------------------
ALTER TABLE "ATP"."FILEINFO" ADD CHECK ("F_ID" IS NOT NULL);

-- ----------------------------
-- Primary Key structure for table FILEINFO
-- ----------------------------
ALTER TABLE "ATP"."FILEINFO" ADD PRIMARY KEY ("F_ID");

-- ----------------------------
-- Indexes structure for table FILERELATION
-- ----------------------------

-- ----------------------------
-- Checks structure for table FILERELATION
-- ----------------------------
ALTER TABLE "ATP"."FILERELATION" ADD CHECK ("FR_ID" IS NOT NULL);

-- ----------------------------
-- Primary Key structure for table FILERELATION
-- ----------------------------
ALTER TABLE "ATP"."FILERELATION" ADD PRIMARY KEY ("FR_ID");



-- ----------------------------
-- Checks structure for table MODELINFO
-- ----------------------------
ALTER TABLE "ATP"."MODELINFO" ADD CHECK ("MI_ID" IS NOT NULL);

-- ----------------------------
-- Checks structure for table OPLOG
-- ----------------------------
ALTER TABLE "ATP"."OPLOG" ADD CHECK ("OPL_ID" IS NOT NULL);

-- ----------------------------
-- Checks structure for table ORG
-- ----------------------------
ALTER TABLE "ATP"."ORG" ADD CHECK ("ORG_ID" IS NOT NULL);

-- ----------------------------
-- Indexes structure for table ORG_OUT
-- ----------------------------

-- ----------------------------
-- Checks structure for table ORG_OUT
-- ----------------------------
ALTER TABLE "ATP"."ORG_OUT" ADD CHECK ("ORG_ID" IS NOT NULL);

-- ----------------------------
-- Primary Key structure for table ORG_OUT
-- ----------------------------
ALTER TABLE "ATP"."ORG_OUT" ADD PRIMARY KEY ("ORG_ID");




-- ----------------------------
-- Checks structure for table ROLEAUTH
-- ----------------------------
ALTER TABLE "ATP"."ROLEAUTH" ADD CHECK ("RA_ID" IS NOT NULL);



-- ----------------------------
-- Checks structure for table SYSCONFIG
-- ----------------------------
ALTER TABLE "ATP"."SYSCONFIG" ADD CHECK ("SC_ID" IS NOT NULL);

-- ----------------------------
-- Checks structure for table SYSROLE
-- ----------------------------
ALTER TABLE "ATP"."SYSROLE" ADD CHECK ("ROLE_ID" IS NOT NULL);
ALTER TABLE "ATP"."SYSROLE" ADD CHECK ("ROLE_NAME" IS NOT NULL);

-- ----------------------------
-- Checks structure for table SYSUSER
-- ----------------------------
ALTER TABLE "ATP"."SYSUSER" ADD CHECK ("USER_ID" IS NOT NULL);


-- ----------------------------
-- Checks structure for table USERAUTH
-- ----------------------------
ALTER TABLE "ATP"."USERAUTH" ADD CHECK ("UA_ID" IS NOT NULL);


